CREATE TABLE roles(
    id_roles SERIAL PRIMARY KEY,    
    nom_rol varchar (50) NOT NULL
);

CREATE TABLE direcciones(
    id_direcciones SERIAL PRIMARY KEY,    
    nom_direcciones varchar (50) NOT NULL
);

CREATE TABLE unidades(
    id_unidades SERIAL PRIMARY KEY,    
    nom_unidades varchar (50) NOT NULL
);

CREATE TABLE areas(
    id_areas SERIAL PRIMARY KEY,    
    nom_areas varchar (50) NOT NULL
);

CREATE TABLE cargos(
    id_cargos SERIAL PRIMARY KEY,    
    nom_cargos varchar (100) NOT NULL
);

CREATE TABLE puestos(
    id_puestos SERIAL PRIMARY KEY,    
    nom_puestos varchar (250) NOT NULL
);

CREATE TABLE dominios(
    id_dominios SERIAL PRIMARY KEY,    
    nom_dominios varchar (50) NOT NULL
);

CREATE TABLE usuarios (
    id_usuarios SERIAL PRIMARY KEY,
    ap_usuarios varchar (50) NOT NULL,
    nom_usuarios varchar (50) NOT NULL,
    usu_usuarios varchar (25) NOT NULL,
    ci_usuarios varchar (20) NOT NULL,
    correo_usuarios varchar (50) NOT NULL,
    cont_usuarios varchar (250) NOT NULL,
    este_usuarios int,
    estr_usuarios int,
    est1_usuarios int,
    item_usuarios int,
    fecha_inc date,
    fecha_nac date,
    
    id_roles int,
    CONSTRAINT fk_roles 
        FOREIGN KEY(id_roles)
            REFERENCES roles(id_roles),
   
   id_direcciones int,
    CONSTRAINT fk_direcciones 
        FOREIGN KEY(id_direcciones)
            REFERENCES direcciones(id_direcciones),
    
    id_unidades int,
    CONSTRAINT fk_unidades 
        FOREIGN KEY(id_unidades)
            REFERENCES unidades(id_unidades),

    id_areas int,
    CONSTRAINT fk_areas 
        FOREIGN KEY(id_areas)
            REFERENCES areas(id_areas),
   
   id_cargos int,
    CONSTRAINT fk_cargos 
        FOREIGN KEY(id_cargos)
            REFERENCES cargos(id_cargos),

    id_puestos int,
    CONSTRAINT fk_puestos 
        FOREIGN KEY(id_puestos)
            REFERENCES puestos(id_puestos)
   
   
   
);

CREATE TABLE sistemasait(
    id_sistemasait SERIAL PRIMARY KEY,
    nom_sistemasait varchar(100) NOT NULL,
    url_sistemasait varchar(100) NOT NULL,

    id_roles int,
        CONSTRAINT fk_roles 
            FOREIGN KEY(id_roles)
                REFERENCES roles(id_roles)

);

CREATE TABLE contrase(
    id_contrase SERIAL PRIMARY KEY,
    con_contrase varchar(50) NOT NULL,

    id_sistemasait int,
    CONSTRAINT fk_sistemasait 
		FOREIGN KEY(id_sistemasait) 
			REFERENCES sistemasait(id_sistemasait),
    id_usuarios int,
    CONSTRAINT fk_usarios 
		FOREIGN KEY(id_usuarios) 
			REFERENCES usuarios(id_usuarios)
);


INSERT INTO roles(id_roles,nom_rol) VALUES(1,'Administrador');
INSERT INTO roles(id_roles,nom_rol) VALUES(2,'Desarrollo');
INSERT INTO roles(id_roles,nom_rol) VALUES(3,'Soporte');
INSERT INTO roles(id_roles,nom_rol) VALUES(4,'Usuario');


INSERT INTO direcciones(id_direcciones,nom_direcciones) VALUES(1,'Ninguno');
INSERT INTO direcciones(id_direcciones,nom_direcciones) VALUES(2,'Dirección Ejecutiva General');
INSERT INTO direcciones(id_direcciones,nom_direcciones) VALUES(3,'Dirección Ejecutiva Regional La Paz');
INSERT INTO direcciones(id_direcciones,nom_direcciones) VALUES(4,'Dirección Ejecutiva Regional Santa Cruz');
INSERT INTO direcciones(id_direcciones,nom_direcciones) VALUES(5,'Dirección Ejecutiva Regional Cochabamba');
INSERT INTO direcciones(id_direcciones,nom_direcciones) VALUES(6,'Dirección Ejecutiva Regional Chuquisaca');


INSERT INTO unidades(id_unidades,nom_unidades) VALUES(1,'Ninguno');
INSERT INTO unidades(id_unidades,nom_unidades) VALUES(2,'Subdirección de Planificación y Desarrollo');
INSERT INTO unidades(id_unidades,nom_unidades) VALUES(3,'Subdirección de Recursos Jerárquicos');
INSERT INTO unidades(id_unidades,nom_unidades) VALUES(4,'Gerencia Administrativa Financiera');
INSERT INTO unidades(id_unidades,nom_unidades) VALUES(5,'Gerencia de Recursos Judiciales');
INSERT INTO unidades(id_unidades,nom_unidades) VALUES(6,'Subdirección Tributaria Regional');


INSERT INTO areas(id_areas,nom_areas) VALUES(1,'Ninguno');
INSERT INTO areas(id_areas,nom_areas) VALUES(2,'Secretaria Jurídica');
INSERT INTO areas(id_areas,nom_areas) VALUES(3,'Secretaria Técnica');
INSERT INTO areas(id_areas,nom_areas) VALUES(4,'Secretaria de Cámara');
INSERT INTO areas(id_areas,nom_areas) VALUES(5,'Secretaria Técnica - Jurídica');


INSERT INTO cargos(nom_cargos) VALUES('Ninguno');
INSERT INTO cargos(nom_cargos) VALUES('Analista I');
INSERT INTO cargos(nom_cargos) VALUES('Analista II');
INSERT INTO cargos(nom_cargos) VALUES('Analista III');
INSERT INTO cargos(nom_cargos) VALUES('Analista IV');
INSERT INTO cargos(nom_cargos) VALUES('Asistente');
INSERT INTO cargos(nom_cargos) VALUES('Asistente Administrativo');
INSERT INTO cargos(nom_cargos) VALUES('Asistente de Cámara');
INSERT INTO cargos(nom_cargos) VALUES('Asistente Departamental');
INSERT INTO cargos(nom_cargos) VALUES('Asistente Ejecutivo I');
INSERT INTO cargos(nom_cargos) VALUES('Asistente Ejecutivo II');
INSERT INTO cargos(nom_cargos) VALUES('Asistente Jurídico');
INSERT INTO cargos(nom_cargos) VALUES('Auxiliar de Oficina');
INSERT INTO cargos(nom_cargos) VALUES('Chofer - Mensajero I');
INSERT INTO cargos(nom_cargos) VALUES('Chofer - Mensajero II');
INSERT INTO cargos(nom_cargos) VALUES('Director Ejecutivo General');
INSERT INTO cargos(nom_cargos) VALUES('Director Ejecutivo Regional');
INSERT INTO cargos(nom_cargos) VALUES('Gerente de Área');
INSERT INTO cargos(nom_cargos) VALUES('Mensajero I');
INSERT INTO cargos(nom_cargos) VALUES('Mensajero II');
INSERT INTO cargos(nom_cargos) VALUES('Oficial de Diligencias I');
INSERT INTO cargos(nom_cargos) VALUES('Oficial de Diligencias II');
INSERT INTO cargos(nom_cargos) VALUES('Profesional I');
INSERT INTO cargos(nom_cargos) VALUES('Profesional II');
INSERT INTO cargos(nom_cargos) VALUES('Responsable Departamental');
INSERT INTO cargos(nom_cargos) VALUES('Secretaria Recepcionista');
INSERT INTO cargos(nom_cargos) VALUES('Secretario de Área');
INSERT INTO cargos(nom_cargos) VALUES('Secretario de Área Regional I');
INSERT INTO cargos(nom_cargos) VALUES('Secretario de Área Regional II');
INSERT INTO cargos(nom_cargos) VALUES('Secretario de Cámara I');
INSERT INTO cargos(nom_cargos) VALUES('Secretario de Cámara II');
INSERT INTO cargos(nom_cargos) VALUES('Subdirector');
INSERT INTO cargos(nom_cargos) VALUES('Subdirector Regional I');
INSERT INTO cargos(nom_cargos) VALUES('Subdirector Regional II');
INSERT INTO cargos(nom_cargos) VALUES('Profesional');

INSERT INTO puestos(nom_puestos) VALUES('Ninguno');
INSERT INTO puestos(nom_puestos) VALUES('Abogado Administrativo');
INSERT INTO puestos(nom_puestos) VALUES('Analista de Archivo y Registro Publico');
INSERT INTO puestos(nom_puestos) VALUES('Analista de Bienes y Servicios Generales');
INSERT INTO puestos(nom_puestos) VALUES('Analista de Desarrollo y Mantenimiento de Sistemas');
INSERT INTO puestos(nom_puestos) VALUES('Analista de Información Legal');
INSERT INTO puestos(nom_puestos) VALUES('Analista de Informacion Legal y Diligencias');
INSERT INTO puestos(nom_puestos) VALUES('Analista de Informacion y Soporte Tecnico');
INSERT INTO puestos(nom_puestos) VALUES('Analista de Recursos Judiciales');
INSERT INTO puestos(nom_puestos) VALUES('Analista de Sistemas');
INSERT INTO puestos(nom_puestos) VALUES('Analista Técnico Jurídico de Recursos de Alzada');
INSERT INTO puestos(nom_puestos) VALUES('Analista Técnico Jurídico de Recursos Jerárquicos');
INSERT INTO puestos(nom_puestos) VALUES('Asistente');
INSERT INTO puestos(nom_puestos) VALUES('Asistente Administrativo Almacenes');
INSERT INTO puestos(nom_puestos) VALUES('Asistente Administrativo GAF');
INSERT INTO puestos(nom_puestos) VALUES('Asistente de Cámara');
INSERT INTO puestos(nom_puestos) VALUES('Asistente de Dirección Ejecutiva General');
INSERT INTO puestos(nom_puestos) VALUES('Asistente de Recursos Judiciales');
INSERT INTO puestos(nom_puestos) VALUES('Asistente Departamental de Recursos de Alzada Potosí');
INSERT INTO puestos(nom_puestos) VALUES('Asistente Ejecutivo');
INSERT INTO puestos(nom_puestos) VALUES('Auditor Interno');
INSERT INTO puestos(nom_puestos) VALUES('Auxiliar de Oficina');
INSERT INTO puestos(nom_puestos) VALUES('Chofer - Mensajero');
INSERT INTO puestos(nom_puestos) VALUES('Comunicador Institucional');
INSERT INTO puestos(nom_puestos) VALUES('Director Ejecutivo General');
INSERT INTO puestos(nom_puestos) VALUES('Director Ejecutivo Regional Chuquisaca');
INSERT INTO puestos(nom_puestos) VALUES('Director Ejecutivo Regional Cochabamba');
INSERT INTO puestos(nom_puestos) VALUES('Director Ejecutivo Regional La Paz');
INSERT INTO puestos(nom_puestos) VALUES('Director Ejecutivo Regional Santa Cruz');
INSERT INTO puestos(nom_puestos) VALUES('Gerente Administrativo y Financiero');
INSERT INTO puestos(nom_puestos) VALUES('Gerente de Recursos Judiciales');
INSERT INTO puestos(nom_puestos) VALUES('Mensajero');
INSERT INTO puestos(nom_puestos) VALUES('Oficial de Diligencias');
INSERT INTO puestos(nom_puestos) VALUES('Oficial de Diligencias - Oruro');
INSERT INTO puestos(nom_puestos) VALUES('Oficial de Diligencias - Tarija');
INSERT INTO puestos(nom_puestos) VALUES('Profesional en Administración de Sistemas Informáticos');
INSERT INTO puestos(nom_puestos) VALUES('Profesional en Demandas Contenciosas');
INSERT INTO puestos(nom_puestos) VALUES('Profesional en Desarrollo y Mantenimiento de Sistemas de Información');
INSERT INTO puestos(nom_puestos) VALUES('Profesional en Planificación Estratégica y Desarrollo Normativo');
INSERT INTO puestos(nom_puestos) VALUES('Profesional Jurídico');
INSERT INTO puestos(nom_puestos) VALUES('Profesional Letrado Jurídico');
INSERT INTO puestos(nom_puestos) VALUES('Profesional Letrado Técnico');
INSERT INTO puestos(nom_puestos) VALUES('Profesional Técnico');
INSERT INTO puestos(nom_puestos) VALUES('Profesional Técnico Jurídico en Doctrina Tributaria');
INSERT INTO puestos(nom_puestos) VALUES('Responsable Administrativo');
INSERT INTO puestos(nom_puestos) VALUES('Subdirector Tributario Regional');
INSERT INTO puestos(nom_puestos) VALUES('Responsable de Administración y Gestión de Personal');
INSERT INTO puestos(nom_puestos) VALUES('Responsable de Archivo');
INSERT INTO puestos(nom_puestos) VALUES('Responsable de Contrataciones de Bienes y Servicios');
INSERT INTO puestos(nom_puestos) VALUES('Responsable de Presupuestos y Contabilidad');
INSERT INTO puestos(nom_puestos) VALUES('Responsable de Tesorería y Contabilidad Patrimonial');
INSERT INTO puestos(nom_puestos) VALUES('Responsable de Transparencia');
INSERT INTO puestos(nom_puestos) VALUES('Responsable Departamental de Recursos de Alzada Beni');
INSERT INTO puestos(nom_puestos) VALUES('Responsable Departamental de Recursos de Alzada Oruro');
INSERT INTO puestos(nom_puestos) VALUES('Responsable Departamental de Recursos de Alzada Pando');
INSERT INTO puestos(nom_puestos) VALUES('Responsable Departamental de Recursos de Alzada Potosí');
INSERT INTO puestos(nom_puestos) VALUES('Responsable Departamental de Recursos de Alzada Tarija');
INSERT INTO puestos(nom_puestos) VALUES('Secretaria Recepcionista');
INSERT INTO puestos(nom_puestos) VALUES('Secretario de Cámara');
INSERT INTO puestos(nom_puestos) VALUES('Secretario de Cámara Regional');
INSERT INTO puestos(nom_puestos) VALUES('Secretario Jurídico ');
INSERT INTO puestos(nom_puestos) VALUES('Secretario Jurídico Regional');
INSERT INTO puestos(nom_puestos) VALUES('Secretario Recepcionista');
INSERT INTO puestos(nom_puestos) VALUES('Secretario Técnico');
INSERT INTO puestos(nom_puestos) VALUES('Secretario Técnico Jurídico Regional');
INSERT INTO puestos(nom_puestos) VALUES('Secretario Técnico Regional');
INSERT INTO puestos(nom_puestos) VALUES('Subdirector de Planificación y Desarrollo');
INSERT INTO puestos(nom_puestos) VALUES('Subdirector de Recursos Jerárquicos');


INSERT INTO sistemasait(nom_sistemasait,url_sistemasait,id_roles) VALUES('Suri','suri.ait.gob.bo',2);
INSERT INTO sistemasait(nom_sistemasait,url_sistemasait,id_roles) VALUES('Sicope','192.168.97.142',2);
INSERT INTO sistemasait(nom_sistemasait,url_sistemasait,id_roles) VALUES('Mail','mail.ait.gob.bo',2);
INSERT INTO sistemasait(nom_sistemasait,url_sistemasait,id_roles) VALUES('Nube','nube.ait.gob.bo',2);

INSERT INTO sistemasait(nom_sistemasait,url_sistemasait,id_roles) VALUES('Activos','activos.ait.gob.bo',3);
INSERT INTO sistemasait(nom_sistemasait,url_sistemasait,id_roles) VALUES('Almacen','192.168.18.190/almacen-ait/index.php',3);
INSERT INTO sistemasait(nom_sistemasait,url_sistemasait,id_roles) VALUES('Jukumari','Jukumari.ait.gob.bo',3);


INSERT INTO dominios(nom_dominios) VALUES('Ninguno');

INSERT INTO usuarios(id_usuarios,ap_usuarios,nom_usuarios,usu_usuarios,ci_usuarios,correo_usuarios,cont_usuarios,
este_usuarios,estr_usuarios,est1_usuarios,item_usuarios,fecha_inc,fecha_nac,id_roles,id_direcciones,id_unidades,id_areas,id_cargos,id_puestos) 
VALUES(999999,'Administrador','Super','admin','999999 LP','admin@ait.gob.bo','$2y$10$D4ysuAwe9k1qJjeoQv0bxOWvgcaeAqJnhfhsH5YLZ6fZmqgJeGiFe',0,0,1,0,'01-12-9999','01-12-9999',1,1,1,1,1,1);

INSERT INTO usuarios(ap_usuarios,nom_usuarios,usu_usuarios,ci_usuarios,correo_usuarios,cont_usuarios,
este_usuarios,estr_usuarios,est1_usuarios,item_usuarios,fecha_inc,fecha_nac,id_roles,id_direcciones,id_unidades,id_areas,id_cargos,id_puestos) 
VALUES('Administrador','Soporte','soporte','999999 LP','soporte@ait.gob.bo','$2y$10$D4ysuAwe9k1qJjeoQv0bxOWvgcaeAqJnhfhsH5YLZ6fZmqgJeGiFe',1,0,1,0,'01-12-9999','01-12-9999',1,1,1,1,1,1);






INSERT INTO usuarios(ap_usuarios,nom_usuarios,usu_usuarios,ci_usuarios,correo_usuarios,cont_usuarios,este_usuarios,estr_usuarios,est1_usuarios,item_usuarios,fecha_inc,fecha_nac,id_roles,id_direcciones,id_unidades,id_areas,id_cargos,id_puestos) VALUES('Rivera Gonzales','Katia Mariana','krivera','5109806 Pt','krivera@ait.gob.bo','$2y$10$3n8/T5nM.vJUW0qb7wqzbe9sBeqEywJbDb9v/.NJ/C3YRQ5Wp5ln.',0,0,1,1,'12-11-2020','1-12-1999',4,2,1,1,16,25);
INSERT INTO usuarios(ap_usuarios,nom_usuarios,usu_usuarios,ci_usuarios,correo_usuarios,cont_usuarios,este_usuarios,estr_usuarios,est1_usuarios,item_usuarios,fecha_inc,fecha_nac,id_roles,id_direcciones,id_unidades,id_areas,id_cargos,id_puestos) VALUES('Velasquez Miranda','Alejandra Maria Velia','avelaquez','3465572 Lp','avelaquez@ait.gob.bo','$2y$10$3n8/T5nM.vJUW0qb7wqzbe9sBeqEywJbDb9v/.NJ/C3YRQ5Wp5ln.',0,0,1,2,'22-06-2015','1-12-2000',4,2,1,1,10,20);
INSERT INTO usuarios(ap_usuarios,nom_usuarios,usu_usuarios,ci_usuarios,correo_usuarios,cont_usuarios,este_usuarios,estr_usuarios,est1_usuarios,item_usuarios,fecha_inc,fecha_nac,id_roles,id_direcciones,id_unidades,id_areas,id_cargos,id_puestos) VALUES('Montan Valverde','Geraldine Agueda','gmontan','8306721 Lp','gmontan@ait.gob.bo','$2y$10$3n8/T5nM.vJUW0qb7wqzbe9sBeqEywJbDb9v/.NJ/C3YRQ5Wp5ln.',0,0,1,70,'09-05-2016','1-12-2001',4,2,1,1,12,17);
INSERT INTO usuarios(ap_usuarios,nom_usuarios,usu_usuarios,ci_usuarios,correo_usuarios,cont_usuarios,este_usuarios,estr_usuarios,est1_usuarios,item_usuarios,fecha_inc,fecha_nac,id_roles,id_direcciones,id_unidades,id_areas,id_cargos,id_puestos) VALUES('Mamani Sepulveda','Oscar','omamani','4980166 Lp','omamani@ait.gob.bo','$2y$10$3n8/T5nM.vJUW0qb7wqzbe9sBeqEywJbDb9v/.NJ/C3YRQ5Wp5ln.',0,0,1,3,'14-06-2018','1-12-2002',4,2,1,1,14,23);
INSERT INTO usuarios(ap_usuarios,nom_usuarios,usu_usuarios,ci_usuarios,correo_usuarios,cont_usuarios,este_usuarios,estr_usuarios,est1_usuarios,item_usuarios,fecha_inc,fecha_nac,id_roles,id_direcciones,id_unidades,id_areas,id_cargos,id_puestos) VALUES('Nina Suarez','Julieta','jnina','2371629 Lp','jnina@ait.gob.bo','$2y$10$3n8/T5nM.vJUW0qb7wqzbe9sBeqEywJbDb9v/.NJ/C3YRQ5Wp5ln.',0,0,1,4,'11-06-2012','1-12-2003',4,2,1,1,23,21);
INSERT INTO usuarios(ap_usuarios,nom_usuarios,usu_usuarios,ci_usuarios,correo_usuarios,cont_usuarios,este_usuarios,estr_usuarios,est1_usuarios,item_usuarios,fecha_inc,fecha_nac,id_roles,id_direcciones,id_unidades,id_areas,id_cargos,id_puestos) VALUES('Ayaviri Ibañez','Fernando Javier','fayaviri','5961720 Lp','fayaviri@ait.gob.bo','$2y$10$3n8/T5nM.vJUW0qb7wqzbe9sBeqEywJbDb9v/.NJ/C3YRQ5Wp5ln.',0,0,1,5,'08-09-2021','1-12-2004',4,2,1,1,3,24);
INSERT INTO usuarios(ap_usuarios,nom_usuarios,usu_usuarios,ci_usuarios,correo_usuarios,cont_usuarios,este_usuarios,estr_usuarios,est1_usuarios,item_usuarios,fecha_inc,fecha_nac,id_roles,id_direcciones,id_unidades,id_areas,id_cargos,id_puestos) VALUES('Condarco Torrez','Alicia','acondarco','4320881 Lp','acondarco@ait.gob.bo','$2y$10$3n8/T5nM.vJUW0qb7wqzbe9sBeqEywJbDb9v/.NJ/C3YRQ5Wp5ln.',0,0,1,6,'01-02-2022','1-12-2005',4,2,1,1,5,52);
INSERT INTO usuarios(ap_usuarios,nom_usuarios,usu_usuarios,ci_usuarios,correo_usuarios,cont_usuarios,este_usuarios,estr_usuarios,est1_usuarios,item_usuarios,fecha_inc,fecha_nac,id_roles,id_direcciones,id_unidades,id_areas,id_cargos,id_puestos) VALUES('Rivera Solares','Roxana Amalia','rrivera','3646999 Ch','rrivera@ait.gob.bo','$2y$10$3n8/T5nM.vJUW0qb7wqzbe9sBeqEywJbDb9v/.NJ/C3YRQ5Wp5ln.',0,0,1,7,'29-07-2019','1-12-2006',4,2,3,4,27,59);
INSERT INTO usuarios(ap_usuarios,nom_usuarios,usu_usuarios,ci_usuarios,correo_usuarios,cont_usuarios,este_usuarios,estr_usuarios,est1_usuarios,item_usuarios,fecha_inc,fecha_nac,id_roles,id_direcciones,id_unidades,id_areas,id_cargos,id_puestos) VALUES('Escobar Mamani','Victor Simon','vescobar','3493293 Lp','vescobar@ait.gob.bo','$2y$10$3n8/T5nM.vJUW0qb7wqzbe9sBeqEywJbDb9v/.NJ/C3YRQ5Wp5ln.',0,0,1,8,'23-04-2012','1-12-2007',4,2,3,4,2,6);
INSERT INTO usuarios(ap_usuarios,nom_usuarios,usu_usuarios,ci_usuarios,correo_usuarios,cont_usuarios,este_usuarios,estr_usuarios,est1_usuarios,item_usuarios,fecha_inc,fecha_nac,id_roles,id_direcciones,id_unidades,id_areas,id_cargos,id_puestos) VALUES('Quisbert Rivero','Juan Mijail','jquisbert','8349320 Lp','jquisbert@ait.gob.bo','$2y$10$3n8/T5nM.vJUW0qb7wqzbe9sBeqEywJbDb9v/.NJ/C3YRQ5Wp5ln.',0,0,1,9,'25-04-2018','1-12-2008',4,2,3,4,2,7);
INSERT INTO usuarios(ap_usuarios,nom_usuarios,usu_usuarios,ci_usuarios,correo_usuarios,cont_usuarios,este_usuarios,estr_usuarios,est1_usuarios,item_usuarios,fecha_inc,fecha_nac,id_roles,id_direcciones,id_unidades,id_areas,id_cargos,id_puestos) VALUES('Serrano Averanga','Omar Gustavo','oserrano','4305271 Lp','oserrano@ait.gob.bo','$2y$10$3n8/T5nM.vJUW0qb7wqzbe9sBeqEywJbDb9v/.NJ/C3YRQ5Wp5ln.',0,0,1,10,'14-12-2020','1-12-2009',4,2,3,4,5,3);
INSERT INTO usuarios(ap_usuarios,nom_usuarios,usu_usuarios,ci_usuarios,correo_usuarios,cont_usuarios,este_usuarios,estr_usuarios,est1_usuarios,item_usuarios,fecha_inc,fecha_nac,id_roles,id_direcciones,id_unidades,id_areas,id_cargos,id_puestos) VALUES('Torrez Calderon','Dalcy Grace','dtorrez','6953876 Lp','dtorrez@ait.gob.bo','$2y$10$3n8/T5nM.vJUW0qb7wqzbe9sBeqEywJbDb9v/.NJ/C3YRQ5Wp5ln.',0,0,1,11,'07-05-2015','1-12-2010',4,2,3,4,21,33);
INSERT INTO usuarios(ap_usuarios,nom_usuarios,usu_usuarios,ci_usuarios,correo_usuarios,cont_usuarios,este_usuarios,estr_usuarios,est1_usuarios,item_usuarios,fecha_inc,fecha_nac,id_roles,id_direcciones,id_unidades,id_areas,id_cargos,id_puestos) VALUES('Iriarte Murguia','Vania Mariel','viriarte','7063327 Lp','viriarte@ait.gob.bo','$2y$10$3n8/T5nM.vJUW0qb7wqzbe9sBeqEywJbDb9v/.NJ/C3YRQ5Wp5ln.',0,0,1,12,'02-02-2021','1-12-2011',4,2,3,4,22,33);
INSERT INTO usuarios(ap_usuarios,nom_usuarios,usu_usuarios,ci_usuarios,correo_usuarios,cont_usuarios,este_usuarios,estr_usuarios,est1_usuarios,item_usuarios,fecha_inc,fecha_nac,id_roles,id_direcciones,id_unidades,id_areas,id_cargos,id_puestos) VALUES('Montaño Clavijo','Guadalupe Ines','gmontaño','9878315 Lp','gmontaño@ait.gob.bo','$2y$10$3n8/T5nM.vJUW0qb7wqzbe9sBeqEywJbDb9v/.NJ/C3YRQ5Wp5ln.',0,0,1,14,'06-07-2022','1-12-2012',4,2,3,4,8,16);
INSERT INTO usuarios(ap_usuarios,nom_usuarios,usu_usuarios,ci_usuarios,correo_usuarios,cont_usuarios,este_usuarios,estr_usuarios,est1_usuarios,item_usuarios,fecha_inc,fecha_nac,id_roles,id_direcciones,id_unidades,id_areas,id_cargos,id_puestos) VALUES('Rubin De Celis Arispe','Enrique Marvin','erubin','4809777 Lp','erubin@ait.gob.bo','$2y$10$3n8/T5nM.vJUW0qb7wqzbe9sBeqEywJbDb9v/.NJ/C3YRQ5Wp5ln.',0,0,1,15,'23-05-2012','1-12-2013',4,2,4,1,18,30);
INSERT INTO usuarios(ap_usuarios,nom_usuarios,usu_usuarios,ci_usuarios,correo_usuarios,cont_usuarios,este_usuarios,estr_usuarios,est1_usuarios,item_usuarios,fecha_inc,fecha_nac,id_roles,id_direcciones,id_unidades,id_areas,id_cargos,id_puestos) VALUES('Delgado Condori','Franz','fdelgado','3434081 Lp','fdelgado@ait.gob.bo','$2y$10$3n8/T5nM.vJUW0qb7wqzbe9sBeqEywJbDb9v/.NJ/C3YRQ5Wp5ln.',0,0,1,16,'17-01-2018','1-12-2014',4,2,4,1,23,47);
INSERT INTO usuarios(ap_usuarios,nom_usuarios,usu_usuarios,ci_usuarios,correo_usuarios,cont_usuarios,este_usuarios,estr_usuarios,est1_usuarios,item_usuarios,fecha_inc,fecha_nac,id_roles,id_direcciones,id_unidades,id_areas,id_cargos,id_puestos) VALUES('Quintanilla Seoane','Ingrid Sonia','iquintanilla','4261281 Lp','iquintanilla@ait.gob.bo','$2y$10$3n8/T5nM.vJUW0qb7wqzbe9sBeqEywJbDb9v/.NJ/C3YRQ5Wp5ln.',0,0,1,17,'14-05-2012','1-12-2015',4,2,4,1,24,51);
INSERT INTO usuarios(ap_usuarios,nom_usuarios,usu_usuarios,ci_usuarios,correo_usuarios,cont_usuarios,este_usuarios,estr_usuarios,est1_usuarios,item_usuarios,fecha_inc,fecha_nac,id_roles,id_direcciones,id_unidades,id_areas,id_cargos,id_puestos) VALUES('Mejia Velez','Emilio Franklin','emejia','3464259 Lp','emejia@ait.gob.bo','$2y$10$3n8/T5nM.vJUW0qb7wqzbe9sBeqEywJbDb9v/.NJ/C3YRQ5Wp5ln.',0,0,1,18,'09-12-2020','1-12-2016',4,2,4,1,24,49);
INSERT INTO usuarios(ap_usuarios,nom_usuarios,usu_usuarios,ci_usuarios,correo_usuarios,cont_usuarios,este_usuarios,estr_usuarios,est1_usuarios,item_usuarios,fecha_inc,fecha_nac,id_roles,id_direcciones,id_unidades,id_areas,id_cargos,id_puestos) VALUES('Vargas Aliaga','Angela Del Pilar','gvargs','3332777 Lp','gvargs@ait.gob.bo','$2y$10$3n8/T5nM.vJUW0qb7wqzbe9sBeqEywJbDb9v/.NJ/C3YRQ5Wp5ln.',0,0,1,19,'19-11-2012','1-12-2017',4,2,4,1,24,50);
INSERT INTO usuarios(ap_usuarios,nom_usuarios,usu_usuarios,ci_usuarios,correo_usuarios,cont_usuarios,este_usuarios,estr_usuarios,est1_usuarios,item_usuarios,fecha_inc,fecha_nac,id_roles,id_direcciones,id_unidades,id_areas,id_cargos,id_puestos) VALUES('Quispe Saravia','David Angel','dquispe','2381254 Lp','dquispe@ait.gob.bo','$2y$10$3n8/T5nM.vJUW0qb7wqzbe9sBeqEywJbDb9v/.NJ/C3YRQ5Wp5ln.',0,0,1,20,'16-08-2013','1-12-2018',4,2,4,1,2,4);
INSERT INTO usuarios(ap_usuarios,nom_usuarios,usu_usuarios,ci_usuarios,correo_usuarios,cont_usuarios,este_usuarios,estr_usuarios,est1_usuarios,item_usuarios,fecha_inc,fecha_nac,id_roles,id_direcciones,id_unidades,id_areas,id_cargos,id_puestos) VALUES('Aranda Blanco','Victor Leonardo','varanda','6080380 Lp','varanda@ait.gob.bo','$2y$10$3n8/T5nM.vJUW0qb7wqzbe9sBeqEywJbDb9v/.NJ/C3YRQ5Wp5ln.',0,0,1,21,'19-04-2021','1-12-2019',4,2,4,1,7,14);
INSERT INTO usuarios(ap_usuarios,nom_usuarios,usu_usuarios,ci_usuarios,correo_usuarios,cont_usuarios,este_usuarios,estr_usuarios,est1_usuarios,item_usuarios,fecha_inc,fecha_nac,id_roles,id_direcciones,id_unidades,id_areas,id_cargos,id_puestos) VALUES('Vasquez Torres','Cedelia','cvasquez','3327999 Lp','cvasquez@ait.gob.bo','$2y$10$3n8/T5nM.vJUW0qb7wqzbe9sBeqEywJbDb9v/.NJ/C3YRQ5Wp5ln.',0,0,1,13,'26-05-2021','1-12-2020',4,2,4,1,6,48);
INSERT INTO usuarios(ap_usuarios,nom_usuarios,usu_usuarios,ci_usuarios,correo_usuarios,cont_usuarios,este_usuarios,estr_usuarios,est1_usuarios,item_usuarios,fecha_inc,fecha_nac,id_roles,id_direcciones,id_unidades,id_areas,id_cargos,id_puestos) VALUES('Torrez Landa','Johanna Nathalie','jtorrez','4869554 Lp','jtorrez@ait.gob.bo','$2y$10$3n8/T5nM.vJUW0qb7wqzbe9sBeqEywJbDb9v/.NJ/C3YRQ5Wp5ln.',0,0,1,22,'19-11-2020','1-12-2021',4,2,4,1,7,15);
INSERT INTO usuarios(ap_usuarios,nom_usuarios,usu_usuarios,ci_usuarios,correo_usuarios,cont_usuarios,este_usuarios,estr_usuarios,est1_usuarios,item_usuarios,fecha_inc,fecha_nac,id_roles,id_direcciones,id_unidades,id_areas,id_cargos,id_puestos) VALUES('Catacora Aruquipa','Emilio','ecatacora','2620614 Lp','ecatacora@ait.gob.bo','$2y$10$3n8/T5nM.vJUW0qb7wqzbe9sBeqEywJbDb9v/.NJ/C3YRQ5Wp5ln.',0,0,1,23,'07-01-2004','1-12-2022',4,2,4,1,19,32);
INSERT INTO usuarios(ap_usuarios,nom_usuarios,usu_usuarios,ci_usuarios,correo_usuarios,cont_usuarios,este_usuarios,estr_usuarios,est1_usuarios,item_usuarios,fecha_inc,fecha_nac,id_roles,id_direcciones,id_unidades,id_areas,id_cargos,id_puestos) VALUES('Quino Paye','Victoria','vquino','2632422 Lp','vquino@ait.gob.bo','$2y$10$3n8/T5nM.vJUW0qb7wqzbe9sBeqEywJbDb9v/.NJ/C3YRQ5Wp5ln.',0,0,1,24,'22-02-2010','1-12-2023',4,2,4,1,13,22);
INSERT INTO usuarios(ap_usuarios,nom_usuarios,usu_usuarios,ci_usuarios,correo_usuarios,cont_usuarios,este_usuarios,estr_usuarios,est1_usuarios,item_usuarios,fecha_inc,fecha_nac,id_roles,id_direcciones,id_unidades,id_areas,id_cargos,id_puestos) VALUES('Soruco Cusi','Wilson Alvaro','wsoruco','4834651 Lp','wsoruco@ait.gob.bo','$2y$10$3n8/T5nM.vJUW0qb7wqzbe9sBeqEywJbDb9v/.NJ/C3YRQ5Wp5ln.',0,0,1,25,'02-12-2013','1-12-2024',4,2,2,1,32,67);
INSERT INTO usuarios(ap_usuarios,nom_usuarios,usu_usuarios,ci_usuarios,correo_usuarios,cont_usuarios,este_usuarios,estr_usuarios,est1_usuarios,item_usuarios,fecha_inc,fecha_nac,id_roles,id_direcciones,id_unidades,id_areas,id_cargos,id_puestos) VALUES('Flores Baldiviezo','Dushinka Isabel','dflores','6772826 Lp','dflores@ait.gob.bo','$2y$10$3n8/T5nM.vJUW0qb7wqzbe9sBeqEywJbDb9v/.NJ/C3YRQ5Wp5ln.',0,0,1,26,'28-01-2021','1-12-2025',4,2,2,1,23,39);
INSERT INTO usuarios(ap_usuarios,nom_usuarios,usu_usuarios,ci_usuarios,correo_usuarios,cont_usuarios,este_usuarios,estr_usuarios,est1_usuarios,item_usuarios,fecha_inc,fecha_nac,id_roles,id_direcciones,id_unidades,id_areas,id_cargos,id_puestos) VALUES('Mercado Beltran','Ramiro Hector','rmercado','3383529 Lp','rmercado@ait.gob.bo','$2y$10$3n8/T5nM.vJUW0qb7wqzbe9sBeqEywJbDb9v/.NJ/C3YRQ5Wp5ln.',0,0,1,27,'13-07-2022','1-12-2026',4,2,2,1,24,36);
INSERT INTO usuarios(ap_usuarios,nom_usuarios,usu_usuarios,ci_usuarios,correo_usuarios,cont_usuarios,este_usuarios,estr_usuarios,est1_usuarios,item_usuarios,fecha_inc,fecha_nac,id_roles,id_direcciones,id_unidades,id_areas,id_cargos,id_puestos) VALUES('Valenzuela Andrade','Marcelo Alan','mvalenzuela','6010899 Lp','mvalenzuela@ait.gob.bo','$2y$10$3n8/T5nM.vJUW0qb7wqzbe9sBeqEywJbDb9v/.NJ/C3YRQ5Wp5ln.',0,0,1,28,'01-04-2014','1-12-2027',4,2,2,1,24,38);
INSERT INTO usuarios(ap_usuarios,nom_usuarios,usu_usuarios,ci_usuarios,correo_usuarios,cont_usuarios,este_usuarios,estr_usuarios,est1_usuarios,item_usuarios,fecha_inc,fecha_nac,id_roles,id_direcciones,id_unidades,id_areas,id_cargos,id_puestos) VALUES('Suarez Manuel','Dionicio','dsuarez','4808086 Lp','dsuarez@ait.gob.bo','$2y$10$3n8/T5nM.vJUW0qb7wqzbe9sBeqEywJbDb9v/.NJ/C3YRQ5Wp5ln.',0,0,1,163,'01-09-2022','1-12-2028',4,2,2,1,3,5);
INSERT INTO usuarios(ap_usuarios,nom_usuarios,usu_usuarios,ci_usuarios,correo_usuarios,cont_usuarios,este_usuarios,estr_usuarios,est1_usuarios,item_usuarios,fecha_inc,fecha_nac,id_roles,id_direcciones,id_unidades,id_areas,id_cargos,id_puestos) VALUES('Conde Mansillas','Eddy','econde','6055646 Lp','econde@ait.gob.bo','$2y$10$3n8/T5nM.vJUW0qb7wqzbe9sBeqEywJbDb9v/.NJ/C3YRQ5Wp5ln.',0,0,1,29,'24-05-2021','1-12-2029',4,2,2,1,2,8);
INSERT INTO usuarios(ap_usuarios,nom_usuarios,usu_usuarios,ci_usuarios,correo_usuarios,cont_usuarios,este_usuarios,estr_usuarios,est1_usuarios,item_usuarios,fecha_inc,fecha_nac,id_roles,id_direcciones,id_unidades,id_areas,id_cargos,id_puestos) VALUES('Mendoza Cuevas','Jose Alonso','jmendoza','3446173 Lp','jmendoza@ait.gob.bo','$2y$10$3n8/T5nM.vJUW0qb7wqzbe9sBeqEywJbDb9v/.NJ/C3YRQ5Wp5ln.',0,0,1,30,'07-01-2013','1-12-2030',4,2,3,1,32,68);
INSERT INTO usuarios(ap_usuarios,nom_usuarios,usu_usuarios,ci_usuarios,correo_usuarios,cont_usuarios,este_usuarios,estr_usuarios,est1_usuarios,item_usuarios,fecha_inc,fecha_nac,id_roles,id_direcciones,id_unidades,id_areas,id_cargos,id_puestos) VALUES('Cussi Mamani','Melba Daysi','mcussi','6178859 Lp','mcussi@ait.gob.bo','$2y$10$3n8/T5nM.vJUW0qb7wqzbe9sBeqEywJbDb9v/.NJ/C3YRQ5Wp5ln.',0,0,1,32,'09-10-2012','1-12-2031',4,2,3,1,4,12);
INSERT INTO usuarios(ap_usuarios,nom_usuarios,usu_usuarios,ci_usuarios,correo_usuarios,cont_usuarios,este_usuarios,estr_usuarios,est1_usuarios,item_usuarios,fecha_inc,fecha_nac,id_roles,id_direcciones,id_unidades,id_areas,id_cargos,id_puestos) VALUES('Vasquez Loza','Nilss Fanor','nvasquez','6146752 Lp','nvasquez@ait.gob.bo','$2y$10$3n8/T5nM.vJUW0qb7wqzbe9sBeqEywJbDb9v/.NJ/C3YRQ5Wp5ln.',0,0,1,33,'23-10-2015','1-12-2032',4,2,3,1,4,12);
INSERT INTO usuarios(ap_usuarios,nom_usuarios,usu_usuarios,ci_usuarios,correo_usuarios,cont_usuarios,este_usuarios,estr_usuarios,est1_usuarios,item_usuarios,fecha_inc,fecha_nac,id_roles,id_direcciones,id_unidades,id_areas,id_cargos,id_puestos) VALUES('Zabala Iriondo','Juan Carlos','jzabala','6906789 Lp','jzabala@ait.gob.bo','$2y$10$3n8/T5nM.vJUW0qb7wqzbe9sBeqEywJbDb9v/.NJ/C3YRQ5Wp5ln.',0,0,1,34,'15-01-2021','1-12-2033',4,2,3,1,5,12);
INSERT INTO usuarios(ap_usuarios,nom_usuarios,usu_usuarios,ci_usuarios,correo_usuarios,cont_usuarios,este_usuarios,estr_usuarios,est1_usuarios,item_usuarios,fecha_inc,fecha_nac,id_roles,id_direcciones,id_unidades,id_areas,id_cargos,id_puestos) VALUES('Lopez Tolaba','Alba','alopez','5052685 Tj','alopez@ait.gob.bo','$2y$10$3n8/T5nM.vJUW0qb7wqzbe9sBeqEywJbDb9v/.NJ/C3YRQ5Wp5ln.',0,0,1,35,'08-08-2022','1-12-2034',4,2,3,1,5,12);
INSERT INTO usuarios(ap_usuarios,nom_usuarios,usu_usuarios,ci_usuarios,correo_usuarios,cont_usuarios,este_usuarios,estr_usuarios,est1_usuarios,item_usuarios,fecha_inc,fecha_nac,id_roles,id_direcciones,id_unidades,id_areas,id_cargos,id_puestos) VALUES('Laura Cusicanqui','Veronica','vlaura','4890501 Lp','vlaura@ait.gob.bo','$2y$10$3n8/T5nM.vJUW0qb7wqzbe9sBeqEywJbDb9v/.NJ/C3YRQ5Wp5ln.',0,0,1,36,'10-02-2015','1-12-2035',4,2,3,1,11,20);
INSERT INTO usuarios(ap_usuarios,nom_usuarios,usu_usuarios,ci_usuarios,correo_usuarios,cont_usuarios,este_usuarios,estr_usuarios,est1_usuarios,item_usuarios,fecha_inc,fecha_nac,id_roles,id_direcciones,id_unidades,id_areas,id_cargos,id_puestos) VALUES('Togo Coca','Telma Susana','ttogo','3546005 Or','ttogo@ait.gob.bo','$2y$10$3n8/T5nM.vJUW0qb7wqzbe9sBeqEywJbDb9v/.NJ/C3YRQ5Wp5ln.',0,0,1,37,'01-08-2013','1-12-2036',4,2,3,3,27,64);
INSERT INTO usuarios(ap_usuarios,nom_usuarios,usu_usuarios,ci_usuarios,correo_usuarios,cont_usuarios,este_usuarios,estr_usuarios,est1_usuarios,item_usuarios,fecha_inc,fecha_nac,id_roles,id_direcciones,id_unidades,id_areas,id_cargos,id_puestos) VALUES('Campero Gomez','Virna Jenny','vcampero','3391913 Lp','vcampero@ait.gob.bo','$2y$10$3n8/T5nM.vJUW0qb7wqzbe9sBeqEywJbDb9v/.NJ/C3YRQ5Wp5ln.',0,0,1,38,'10-03-2011','1-12-2037',4,2,3,3,35,42);
INSERT INTO usuarios(ap_usuarios,nom_usuarios,usu_usuarios,ci_usuarios,correo_usuarios,cont_usuarios,este_usuarios,estr_usuarios,est1_usuarios,item_usuarios,fecha_inc,fecha_nac,id_roles,id_direcciones,id_unidades,id_areas,id_cargos,id_puestos) VALUES('Chucatiny Torrico','Fily Amalia','fchucatiny','2365105 Lp','fchucatiny@ait.gob.bo','$2y$10$3n8/T5nM.vJUW0qb7wqzbe9sBeqEywJbDb9v/.NJ/C3YRQ5Wp5ln.',0,0,1,39,'01-09-2004','1-12-2038',4,2,3,3,35,42);
INSERT INTO usuarios(ap_usuarios,nom_usuarios,usu_usuarios,ci_usuarios,correo_usuarios,cont_usuarios,este_usuarios,estr_usuarios,est1_usuarios,item_usuarios,fecha_inc,fecha_nac,id_roles,id_direcciones,id_unidades,id_areas,id_cargos,id_puestos) VALUES('Paravicini Guzman','Rene Ernesto','rparavicini','2635272 Lp','rparavicini@ait.gob.bo','$2y$10$3n8/T5nM.vJUW0qb7wqzbe9sBeqEywJbDb9v/.NJ/C3YRQ5Wp5ln.',0,0,1,40,'01-03-2011','1-12-2039',4,2,3,3,35,42);
INSERT INTO usuarios(ap_usuarios,nom_usuarios,usu_usuarios,ci_usuarios,correo_usuarios,cont_usuarios,este_usuarios,estr_usuarios,est1_usuarios,item_usuarios,fecha_inc,fecha_nac,id_roles,id_direcciones,id_unidades,id_areas,id_cargos,id_puestos) VALUES('Troche Garcia','Paula Jimena','ptroche','4783740 Lp','ptroche@ait.gob.bo','$2y$10$3n8/T5nM.vJUW0qb7wqzbe9sBeqEywJbDb9v/.NJ/C3YRQ5Wp5ln.',0,0,1,41,'14-07-2021','1-12-2040',4,2,3,3,23,43);
INSERT INTO usuarios(ap_usuarios,nom_usuarios,usu_usuarios,ci_usuarios,correo_usuarios,cont_usuarios,este_usuarios,estr_usuarios,est1_usuarios,item_usuarios,fecha_inc,fecha_nac,id_roles,id_direcciones,id_unidades,id_areas,id_cargos,id_puestos) VALUES('Torrez Gonzales','Juana Yrene','jtorrez','4718500 Sc','jtorrez@ait.gob.bo','$2y$10$3n8/T5nM.vJUW0qb7wqzbe9sBeqEywJbDb9v/.NJ/C3YRQ5Wp5ln.',0,0,1,42,'16-09-2013','1-12-2041',4,2,3,3,23,43);
INSERT INTO usuarios(ap_usuarios,nom_usuarios,usu_usuarios,ci_usuarios,correo_usuarios,cont_usuarios,este_usuarios,estr_usuarios,est1_usuarios,item_usuarios,fecha_inc,fecha_nac,id_roles,id_direcciones,id_unidades,id_areas,id_cargos,id_puestos) VALUES('Lopez Medina','Giovana Micaela','glopez','3543223 Or','glopez@ait.gob.bo','$2y$10$3n8/T5nM.vJUW0qb7wqzbe9sBeqEywJbDb9v/.NJ/C3YRQ5Wp5ln.',0,0,1,43,'01-10-2013','1-12-2042',4,2,3,3,23,43);
INSERT INTO usuarios(ap_usuarios,nom_usuarios,usu_usuarios,ci_usuarios,correo_usuarios,cont_usuarios,este_usuarios,estr_usuarios,est1_usuarios,item_usuarios,fecha_inc,fecha_nac,id_roles,id_direcciones,id_unidades,id_areas,id_cargos,id_puestos) VALUES('Prado Mendoza','Karin Luba','kprado','3452067 Lp','kprado@ait.gob.bo','$2y$10$3n8/T5nM.vJUW0qb7wqzbe9sBeqEywJbDb9v/.NJ/C3YRQ5Wp5ln.',0,0,1,44,'10-02-2021','1-12-2043',4,2,3,3,23,43);
INSERT INTO usuarios(ap_usuarios,nom_usuarios,usu_usuarios,ci_usuarios,correo_usuarios,cont_usuarios,este_usuarios,estr_usuarios,est1_usuarios,item_usuarios,fecha_inc,fecha_nac,id_roles,id_direcciones,id_unidades,id_areas,id_cargos,id_puestos) VALUES('Meriles Lopez','Gonzalo Jesus','gmeriles','3710413 Pt','gmeriles@ait.gob.bo','$2y$10$3n8/T5nM.vJUW0qb7wqzbe9sBeqEywJbDb9v/.NJ/C3YRQ5Wp5ln.',0,0,1,45,'03-11-2016','1-12-2044',4,2,3,3,23,43);
INSERT INTO usuarios(ap_usuarios,nom_usuarios,usu_usuarios,ci_usuarios,correo_usuarios,cont_usuarios,este_usuarios,estr_usuarios,est1_usuarios,item_usuarios,fecha_inc,fecha_nac,id_roles,id_direcciones,id_unidades,id_areas,id_cargos,id_puestos) VALUES('Sea Paz','Juana Maribel','jsea','4841199 Lp','jsea@ait.gob.bo','$2y$10$3n8/T5nM.vJUW0qb7wqzbe9sBeqEywJbDb9v/.NJ/C3YRQ5Wp5ln.',0,0,1,46,'12-09-2017','1-12-2045',4,2,3,3,23,43);
INSERT INTO usuarios(ap_usuarios,nom_usuarios,usu_usuarios,ci_usuarios,correo_usuarios,cont_usuarios,este_usuarios,estr_usuarios,est1_usuarios,item_usuarios,fecha_inc,fecha_nac,id_roles,id_direcciones,id_unidades,id_areas,id_cargos,id_puestos) VALUES('Baspineiro Uribe','Ruth Mildreth','rbaspineiro','3626983 Lp','rbaspineiro@ait.gob.bo','$2y$10$3n8/T5nM.vJUW0qb7wqzbe9sBeqEywJbDb9v/.NJ/C3YRQ5Wp5ln.',0,0,1,47,'19-05-2021','1-12-2046',4,2,3,3,23,43);
INSERT INTO usuarios(ap_usuarios,nom_usuarios,usu_usuarios,ci_usuarios,correo_usuarios,cont_usuarios,este_usuarios,estr_usuarios,est1_usuarios,item_usuarios,fecha_inc,fecha_nac,id_roles,id_direcciones,id_unidades,id_areas,id_cargos,id_puestos) VALUES('Gumucio Guachalla','Maria Del Carmen','ugumuio','4752434 Lp','ugumuio@ait.gob.bo','$2y$10$3n8/T5nM.vJUW0qb7wqzbe9sBeqEywJbDb9v/.NJ/C3YRQ5Wp5ln.',0,0,1,48,'01-06-2022','1-12-2047',4,2,3,3,24,43);
INSERT INTO usuarios(ap_usuarios,nom_usuarios,usu_usuarios,ci_usuarios,correo_usuarios,cont_usuarios,este_usuarios,estr_usuarios,est1_usuarios,item_usuarios,fecha_inc,fecha_nac,id_roles,id_direcciones,id_unidades,id_areas,id_cargos,id_puestos) VALUES('Vela Perez','Ingrid Carmen','ivela','4761030 Lp','ivela@ait.gob.bo','$2y$10$3n8/T5nM.vJUW0qb7wqzbe9sBeqEywJbDb9v/.NJ/C3YRQ5Wp5ln.',0,0,1,49,'07-04-2014','1-12-2048',4,2,3,3,24,43);
INSERT INTO usuarios(ap_usuarios,nom_usuarios,usu_usuarios,ci_usuarios,correo_usuarios,cont_usuarios,este_usuarios,estr_usuarios,est1_usuarios,item_usuarios,fecha_inc,fecha_nac,id_roles,id_direcciones,id_unidades,id_areas,id_cargos,id_puestos) VALUES('Leon Martinez','Lesly Gretzel','lleon','3393442 Lp','lleon@ait.gob.bo','$2y$10$3n8/T5nM.vJUW0qb7wqzbe9sBeqEywJbDb9v/.NJ/C3YRQ5Wp5ln.',0,0,1,51,'14-05-2012','1-12-2049',4,2,3,2,27,61);
INSERT INTO usuarios(ap_usuarios,nom_usuarios,usu_usuarios,ci_usuarios,correo_usuarios,cont_usuarios,este_usuarios,estr_usuarios,est1_usuarios,item_usuarios,fecha_inc,fecha_nac,id_roles,id_direcciones,id_unidades,id_areas,id_cargos,id_puestos) VALUES('Mariño Borquez','Ernesto','emariño','2391684 Lp','emariño@ait.gob.bo','$2y$10$3n8/T5nM.vJUW0qb7wqzbe9sBeqEywJbDb9v/.NJ/C3YRQ5Wp5ln.',0,0,1,52,'10-12-2020','1-12-2050',4,2,3,2,35,41);
INSERT INTO usuarios(ap_usuarios,nom_usuarios,usu_usuarios,ci_usuarios,correo_usuarios,cont_usuarios,este_usuarios,estr_usuarios,est1_usuarios,item_usuarios,fecha_inc,fecha_nac,id_roles,id_direcciones,id_unidades,id_areas,id_cargos,id_puestos) VALUES('Iglesias Ticona','Carolina De Los Angeles','ciglesias','4014517 Pt','ciglesias@ait.gob.bo','$2y$10$3n8/T5nM.vJUW0qb7wqzbe9sBeqEywJbDb9v/.NJ/C3YRQ5Wp5ln.',0,0,1,53,'05-05-2022','1-12-2051',4,2,3,2,23,40);
INSERT INTO usuarios(ap_usuarios,nom_usuarios,usu_usuarios,ci_usuarios,correo_usuarios,cont_usuarios,este_usuarios,estr_usuarios,est1_usuarios,item_usuarios,fecha_inc,fecha_nac,id_roles,id_direcciones,id_unidades,id_areas,id_cargos,id_puestos) VALUES('Ochoa Urquizo','Eliseo Santos','eochoa','4911890 Lp','eochoa@ait.gob.bo','$2y$10$3n8/T5nM.vJUW0qb7wqzbe9sBeqEywJbDb9v/.NJ/C3YRQ5Wp5ln.',0,0,1,54,'06-05-2013','1-12-2052',4,2,3,2,23,40);
INSERT INTO usuarios(ap_usuarios,nom_usuarios,usu_usuarios,ci_usuarios,correo_usuarios,cont_usuarios,este_usuarios,estr_usuarios,est1_usuarios,item_usuarios,fecha_inc,fecha_nac,id_roles,id_direcciones,id_unidades,id_areas,id_cargos,id_puestos) VALUES('Belmonte Fagalde','Bruno Alfredo','bbelmonte','4783324 Lp','bbelmonte@ait.gob.bo','$2y$10$3n8/T5nM.vJUW0qb7wqzbe9sBeqEywJbDb9v/.NJ/C3YRQ5Wp5ln.',0,0,1,55,'12-11-2012','1-12-2053',4,2,3,2,23,40);
INSERT INTO usuarios(ap_usuarios,nom_usuarios,usu_usuarios,ci_usuarios,correo_usuarios,cont_usuarios,este_usuarios,estr_usuarios,est1_usuarios,item_usuarios,fecha_inc,fecha_nac,id_roles,id_direcciones,id_unidades,id_areas,id_cargos,id_puestos) VALUES('Molina Bascope','Daniel Eduardo','dmolina','4759750 Lp','dmolina@ait.gob.bo','$2y$10$3n8/T5nM.vJUW0qb7wqzbe9sBeqEywJbDb9v/.NJ/C3YRQ5Wp5ln.',0,0,1,56,'01-03-2010','1-12-2054',4,2,3,2,23,40);
INSERT INTO usuarios(ap_usuarios,nom_usuarios,usu_usuarios,ci_usuarios,correo_usuarios,cont_usuarios,este_usuarios,estr_usuarios,est1_usuarios,item_usuarios,fecha_inc,fecha_nac,id_roles,id_direcciones,id_unidades,id_areas,id_cargos,id_puestos) VALUES('Landaeta Mendez','Flavia','flandaeta','3105273 Or','flandaeta@ait.gob.bo','$2y$10$3n8/T5nM.vJUW0qb7wqzbe9sBeqEywJbDb9v/.NJ/C3YRQ5Wp5ln.',0,0,1,57,'08-07-2013','1-12-2055',4,2,3,2,23,40);
INSERT INTO usuarios(ap_usuarios,nom_usuarios,usu_usuarios,ci_usuarios,correo_usuarios,cont_usuarios,este_usuarios,estr_usuarios,est1_usuarios,item_usuarios,fecha_inc,fecha_nac,id_roles,id_direcciones,id_unidades,id_areas,id_cargos,id_puestos) VALUES('Laura Eguino','Aleida Patricia','alaura','2608633 Lp','alaura@ait.gob.bo','$2y$10$3n8/T5nM.vJUW0qb7wqzbe9sBeqEywJbDb9v/.NJ/C3YRQ5Wp5ln.',0,0,1,58,'17-05-2012','1-12-2056',4,2,3,2,23,40);
INSERT INTO usuarios(ap_usuarios,nom_usuarios,usu_usuarios,ci_usuarios,correo_usuarios,cont_usuarios,este_usuarios,estr_usuarios,est1_usuarios,item_usuarios,fecha_inc,fecha_nac,id_roles,id_direcciones,id_unidades,id_areas,id_cargos,id_puestos) VALUES('Cazuriaga Bravo','Carla Patricia','ccazuriaga','4829000 Lp','ccazuriaga@ait.gob.bo','$2y$10$3n8/T5nM.vJUW0qb7wqzbe9sBeqEywJbDb9v/.NJ/C3YRQ5Wp5ln.',0,0,1,59,'14-05-2007','1-12-2057',4,2,3,2,23,40);
INSERT INTO usuarios(ap_usuarios,nom_usuarios,usu_usuarios,ci_usuarios,correo_usuarios,cont_usuarios,este_usuarios,estr_usuarios,est1_usuarios,item_usuarios,fecha_inc,fecha_nac,id_roles,id_direcciones,id_unidades,id_areas,id_cargos,id_puestos) VALUES('Contreras Illanes','David Damaso','dcontreras','4329318 Lp','dcontreras@ait.gob.bo','$2y$10$3n8/T5nM.vJUW0qb7wqzbe9sBeqEywJbDb9v/.NJ/C3YRQ5Wp5ln.',0,0,1,60,'24-03-2014','1-12-2058',4,2,3,2,23,40);
INSERT INTO usuarios(ap_usuarios,nom_usuarios,usu_usuarios,ci_usuarios,correo_usuarios,cont_usuarios,este_usuarios,estr_usuarios,est1_usuarios,item_usuarios,fecha_inc,fecha_nac,id_roles,id_direcciones,id_unidades,id_areas,id_cargos,id_puestos) VALUES('Valverde Alvarez','Claudia Inga','cvalverde','4760764 Lp','cvalverde@ait.gob.bo','$2y$10$3n8/T5nM.vJUW0qb7wqzbe9sBeqEywJbDb9v/.NJ/C3YRQ5Wp5ln.',0,0,1,61,'13-04-2021','1-12-2059',4,2,3,2,24,40);
INSERT INTO usuarios(ap_usuarios,nom_usuarios,usu_usuarios,ci_usuarios,correo_usuarios,cont_usuarios,este_usuarios,estr_usuarios,est1_usuarios,item_usuarios,fecha_inc,fecha_nac,id_roles,id_direcciones,id_unidades,id_areas,id_cargos,id_puestos) VALUES('Ajata Guerrero','Ivonne Carmiña','iajata','4874325 Lp','iajata@ait.gob.bo','$2y$10$3n8/T5nM.vJUW0qb7wqzbe9sBeqEywJbDb9v/.NJ/C3YRQ5Wp5ln.',0,0,1,62,'09-02-2022','1-12-2060',4,2,3,2,24,40);
INSERT INTO usuarios(ap_usuarios,nom_usuarios,usu_usuarios,ci_usuarios,correo_usuarios,cont_usuarios,este_usuarios,estr_usuarios,est1_usuarios,item_usuarios,fecha_inc,fecha_nac,id_roles,id_direcciones,id_unidades,id_areas,id_cargos,id_puestos) VALUES('Vargas Choque','Ronald','rvargas','4898568 Lp','rvargas@ait.gob.bo','$2y$10$3n8/T5nM.vJUW0qb7wqzbe9sBeqEywJbDb9v/.NJ/C3YRQ5Wp5ln.',0,0,1,64,'01-02-2017','1-12-2061',4,2,5,1,18,31);
INSERT INTO usuarios(ap_usuarios,nom_usuarios,usu_usuarios,ci_usuarios,correo_usuarios,cont_usuarios,este_usuarios,estr_usuarios,est1_usuarios,item_usuarios,fecha_inc,fecha_nac,id_roles,id_direcciones,id_unidades,id_areas,id_cargos,id_puestos) VALUES('Vargas Mena','Lourdes Ana','lvargas','4855547 Lp','lvargas@ait.gob.bo','$2y$10$3n8/T5nM.vJUW0qb7wqzbe9sBeqEywJbDb9v/.NJ/C3YRQ5Wp5ln.',0,0,1,65,'11-12-2003','1-12-2062',4,2,5,1,35,37);
INSERT INTO usuarios(ap_usuarios,nom_usuarios,usu_usuarios,ci_usuarios,correo_usuarios,cont_usuarios,este_usuarios,estr_usuarios,est1_usuarios,item_usuarios,fecha_inc,fecha_nac,id_roles,id_direcciones,id_unidades,id_areas,id_cargos,id_puestos) VALUES('Leon Calderon','Andrea Ximena','aleon','3449964 Lp','aleon@ait.gob.bo','$2y$10$3n8/T5nM.vJUW0qb7wqzbe9sBeqEywJbDb9v/.NJ/C3YRQ5Wp5ln.',0,0,1,66,'19-04-2021','1-12-2063',4,2,5,1,35,44);
INSERT INTO usuarios(ap_usuarios,nom_usuarios,usu_usuarios,ci_usuarios,correo_usuarios,cont_usuarios,este_usuarios,estr_usuarios,est1_usuarios,item_usuarios,fecha_inc,fecha_nac,id_roles,id_direcciones,id_unidades,id_areas,id_cargos,id_puestos) VALUES('Nina Corrales','Cinthia Ana','cnina','4816759 Lp','cnina@ait.gob.bo','$2y$10$3n8/T5nM.vJUW0qb7wqzbe9sBeqEywJbDb9v/.NJ/C3YRQ5Wp5ln.',0,0,1,67,'07-12-2020','1-12-2064',4,2,5,1,23,37);
INSERT INTO usuarios(ap_usuarios,nom_usuarios,usu_usuarios,ci_usuarios,correo_usuarios,cont_usuarios,este_usuarios,estr_usuarios,est1_usuarios,item_usuarios,fecha_inc,fecha_nac,id_roles,id_direcciones,id_unidades,id_areas,id_cargos,id_puestos) VALUES('Rabaza Valverde','Diego Miguel','drabaza','6117975 Lp','drabaza@ait.gob.bo','$2y$10$3n8/T5nM.vJUW0qb7wqzbe9sBeqEywJbDb9v/.NJ/C3YRQ5Wp5ln.',0,0,1,68,'05-05-2021','1-12-2065',4,2,5,1,23,2);
INSERT INTO usuarios(ap_usuarios,nom_usuarios,usu_usuarios,ci_usuarios,correo_usuarios,cont_usuarios,este_usuarios,estr_usuarios,est1_usuarios,item_usuarios,fecha_inc,fecha_nac,id_roles,id_direcciones,id_unidades,id_areas,id_cargos,id_puestos) VALUES('Rodriguez Montalvo','Andrea Pamela','arodriguez','6560581 Pt','arodriguez@ait.gob.bo','$2y$10$3n8/T5nM.vJUW0qb7wqzbe9sBeqEywJbDb9v/.NJ/C3YRQ5Wp5ln.',0,0,1,69,'08-03-2022','1-12-2066',4,2,5,1,2,9);
INSERT INTO usuarios(ap_usuarios,nom_usuarios,usu_usuarios,ci_usuarios,correo_usuarios,cont_usuarios,este_usuarios,estr_usuarios,est1_usuarios,item_usuarios,fecha_inc,fecha_nac,id_roles,id_direcciones,id_unidades,id_areas,id_cargos,id_puestos) VALUES('Zegarra Caero','Jose Hugo','jzegarra','6099679 Lp','jzegarra@ait.gob.bo','$2y$10$3n8/T5nM.vJUW0qb7wqzbe9sBeqEywJbDb9v/.NJ/C3YRQ5Wp5ln.',0,0,1,71,'25-07-2022','1-12-2067',4,2,5,1,12,18);
INSERT INTO usuarios(ap_usuarios,nom_usuarios,usu_usuarios,ci_usuarios,correo_usuarios,cont_usuarios,este_usuarios,estr_usuarios,est1_usuarios,item_usuarios,fecha_inc,fecha_nac,id_roles,id_direcciones,id_unidades,id_areas,id_cargos,id_puestos) VALUES('Arancibia Guzman','Ancira','aarancibia','3651811 Ch','aarancibia@ait.gob.bo','$2y$10$3n8/T5nM.vJUW0qb7wqzbe9sBeqEywJbDb9v/.NJ/C3YRQ5Wp5ln.',0,0,1,72,'01-04-2009','1-12-2068',4,2,5,1,22,33);
INSERT INTO usuarios(ap_usuarios,nom_usuarios,usu_usuarios,ci_usuarios,correo_usuarios,cont_usuarios,este_usuarios,estr_usuarios,est1_usuarios,item_usuarios,fecha_inc,fecha_nac,id_roles,id_direcciones,id_unidades,id_areas,id_cargos,id_puestos) VALUES('Oporto Torrez','Maria Esperanza','moporto','3394356 Lp','moporto@ait.gob.bo','$2y$10$3n8/T5nM.vJUW0qb7wqzbe9sBeqEywJbDb9v/.NJ/C3YRQ5Wp5ln.',0,0,1,73,'10-12-2007','1-12-2069',4,3,6,1,17,28);
INSERT INTO usuarios(ap_usuarios,nom_usuarios,usu_usuarios,ci_usuarios,correo_usuarios,cont_usuarios,este_usuarios,estr_usuarios,est1_usuarios,item_usuarios,fecha_inc,fecha_nac,id_roles,id_direcciones,id_unidades,id_areas,id_cargos,id_puestos) VALUES('Torres Prado','Cintya Erika','ctorres','3385390 Lp','ctorres@ait.gob.bo','$2y$10$3n8/T5nM.vJUW0qb7wqzbe9sBeqEywJbDb9v/.NJ/C3YRQ5Wp5ln.',0,0,1,74,'13-04-2021','1-12-2070',4,3,6,1,11,20);
INSERT INTO usuarios(ap_usuarios,nom_usuarios,usu_usuarios,ci_usuarios,correo_usuarios,cont_usuarios,este_usuarios,estr_usuarios,est1_usuarios,item_usuarios,fecha_inc,fecha_nac,id_roles,id_direcciones,id_unidades,id_areas,id_cargos,id_puestos) VALUES('Garcia Calle','Alan','agarcia','9172483 Lp','agarcia@ait.gob.bo','$2y$10$3n8/T5nM.vJUW0qb7wqzbe9sBeqEywJbDb9v/.NJ/C3YRQ5Wp5ln.',0,0,1,75,'24-01-2022','1-12-2071',4,3,6,1,15,23);
INSERT INTO usuarios(ap_usuarios,nom_usuarios,usu_usuarios,ci_usuarios,correo_usuarios,cont_usuarios,este_usuarios,estr_usuarios,est1_usuarios,item_usuarios,fecha_inc,fecha_nac,id_roles,id_direcciones,id_unidades,id_areas,id_cargos,id_puestos) VALUES('Alvis Flores','Grover','galvis','3674998 Pt','galvis@ait.gob.bo','$2y$10$3n8/T5nM.vJUW0qb7wqzbe9sBeqEywJbDb9v/.NJ/C3YRQ5Wp5ln.',0,0,1,76,'02-02-2004','1-12-2072',4,3,6,1,3,45);
INSERT INTO usuarios(ap_usuarios,nom_usuarios,usu_usuarios,ci_usuarios,correo_usuarios,cont_usuarios,este_usuarios,estr_usuarios,est1_usuarios,item_usuarios,fecha_inc,fecha_nac,id_roles,id_direcciones,id_unidades,id_areas,id_cargos,id_puestos) VALUES('Lima Rocha','Luis Esteban','llima','8303373-1v Lp','llima@ait.gob.bo','$2y$10$3n8/T5nM.vJUW0qb7wqzbe9sBeqEywJbDb9v/.NJ/C3YRQ5Wp5ln.',0,0,1,77,'06-09-2019','1-12-2073',4,3,6,1,3,10);
INSERT INTO usuarios(ap_usuarios,nom_usuarios,usu_usuarios,ci_usuarios,correo_usuarios,cont_usuarios,este_usuarios,estr_usuarios,est1_usuarios,item_usuarios,fecha_inc,fecha_nac,id_roles,id_direcciones,id_unidades,id_areas,id_cargos,id_puestos) VALUES('Limachi Mamani','German Jhonatan','glimachi','4810982 Lp','glimachi@ait.gob.bo','$2y$10$3n8/T5nM.vJUW0qb7wqzbe9sBeqEywJbDb9v/.NJ/C3YRQ5Wp5ln.',0,0,1,78,'23-10-2015','1-12-2074',4,3,6,1,26,58);
INSERT INTO usuarios(ap_usuarios,nom_usuarios,usu_usuarios,ci_usuarios,correo_usuarios,cont_usuarios,este_usuarios,estr_usuarios,est1_usuarios,item_usuarios,fecha_inc,fecha_nac,id_roles,id_direcciones,id_unidades,id_areas,id_cargos,id_puestos) VALUES('Conde Laime','Pedro Antonio','pconde','4301370 Lp','pconde@ait.gob.bo','$2y$10$3n8/T5nM.vJUW0qb7wqzbe9sBeqEywJbDb9v/.NJ/C3YRQ5Wp5ln.',0,0,1,79,'08-09-2010','1-12-2075',4,3,6,4,30,60);
INSERT INTO usuarios(ap_usuarios,nom_usuarios,usu_usuarios,ci_usuarios,correo_usuarios,cont_usuarios,este_usuarios,estr_usuarios,est1_usuarios,item_usuarios,fecha_inc,fecha_nac,id_roles,id_direcciones,id_unidades,id_areas,id_cargos,id_puestos) VALUES('Quispe Choquehuanca','Reyna Beatriz','rquispe','7031071 Lp','rquispe@ait.gob.bo','$2y$10$3n8/T5nM.vJUW0qb7wqzbe9sBeqEywJbDb9v/.NJ/C3YRQ5Wp5ln.',0,0,1,80,'23-01-2018','1-12-2076',4,3,6,4,3,6);
INSERT INTO usuarios(ap_usuarios,nom_usuarios,usu_usuarios,ci_usuarios,correo_usuarios,cont_usuarios,este_usuarios,estr_usuarios,est1_usuarios,item_usuarios,fecha_inc,fecha_nac,id_roles,id_direcciones,id_unidades,id_areas,id_cargos,id_puestos) VALUES('Chuma Poma','Alex Jose','achuma','6129214 Lp','achuma@ait.gob.bo','$2y$10$3n8/T5nM.vJUW0qb7wqzbe9sBeqEywJbDb9v/.NJ/C3YRQ5Wp5ln.',0,0,1,82,'21-05-2018','1-12-2077',4,3,6,4,22,33);
INSERT INTO usuarios(ap_usuarios,nom_usuarios,usu_usuarios,ci_usuarios,correo_usuarios,cont_usuarios,este_usuarios,estr_usuarios,est1_usuarios,item_usuarios,fecha_inc,fecha_nac,id_roles,id_direcciones,id_unidades,id_areas,id_cargos,id_puestos) VALUES('Bosque Vallejos','Edwin Wilfredo','ebosque','2527915 Lp','ebosque@ait.gob.bo','$2y$10$3n8/T5nM.vJUW0qb7wqzbe9sBeqEywJbDb9v/.NJ/C3YRQ5Wp5ln.',0,0,1,83,'18-10-2011','1-12-2078',4,3,6,4,22,33);
INSERT INTO usuarios(ap_usuarios,nom_usuarios,usu_usuarios,ci_usuarios,correo_usuarios,cont_usuarios,este_usuarios,estr_usuarios,est1_usuarios,item_usuarios,fecha_inc,fecha_nac,id_roles,id_direcciones,id_unidades,id_areas,id_cargos,id_puestos) VALUES('Villca Gomez','Zaida','zvillca','3094224 Or','zvillca@ait.gob.bo','$2y$10$3n8/T5nM.vJUW0qb7wqzbe9sBeqEywJbDb9v/.NJ/C3YRQ5Wp5ln.',0,0,1,84,'11-04-2022','1-12-2079',4,3,6,4,25,54);
INSERT INTO usuarios(ap_usuarios,nom_usuarios,usu_usuarios,ci_usuarios,correo_usuarios,cont_usuarios,este_usuarios,estr_usuarios,est1_usuarios,item_usuarios,fecha_inc,fecha_nac,id_roles,id_direcciones,id_unidades,id_areas,id_cargos,id_puestos) VALUES('Perez Alandia','Huascar','hperez','3530563 Or','hperez@ait.gob.bo','$2y$10$3n8/T5nM.vJUW0qb7wqzbe9sBeqEywJbDb9v/.NJ/C3YRQ5Wp5ln.',0,0,1,85,'18-07-2022','1-12-2080',4,3,6,4,22,34);
INSERT INTO usuarios(ap_usuarios,nom_usuarios,usu_usuarios,ci_usuarios,correo_usuarios,cont_usuarios,este_usuarios,estr_usuarios,est1_usuarios,item_usuarios,fecha_inc,fecha_nac,id_roles,id_direcciones,id_unidades,id_areas,id_cargos,id_puestos) VALUES('Mamani Guzman','Jorge Orlando','jmamani','9339115 Cb','jmamani@ait.gob.bo','$2y$10$3n8/T5nM.vJUW0qb7wqzbe9sBeqEywJbDb9v/.NJ/C3YRQ5Wp5ln.',0,0,1,86,'18-05-2021','1-12-2081',4,3,6,4,20,32);
INSERT INTO usuarios(ap_usuarios,nom_usuarios,usu_usuarios,ci_usuarios,correo_usuarios,cont_usuarios,este_usuarios,estr_usuarios,est1_usuarios,item_usuarios,fecha_inc,fecha_nac,id_roles,id_direcciones,id_unidades,id_areas,id_cargos,id_puestos) VALUES('Guzman Ruiz','Juan Carlos','jguzman','2695660 Lp','jguzman@ait.gob.bo','$2y$10$3n8/T5nM.vJUW0qb7wqzbe9sBeqEywJbDb9v/.NJ/C3YRQ5Wp5ln.',0,0,1,87,'07-01-2004','1-12-2082',4,3,6,1,33,46);
INSERT INTO usuarios(ap_usuarios,nom_usuarios,usu_usuarios,ci_usuarios,correo_usuarios,cont_usuarios,este_usuarios,estr_usuarios,est1_usuarios,item_usuarios,fecha_inc,fecha_nac,id_roles,id_direcciones,id_unidades,id_areas,id_cargos,id_puestos) VALUES('Gutierrez Aguilera','Neyva Koscize','ngutierrez','3439663 Lp','ngutierrez@ait.gob.bo','$2y$10$3n8/T5nM.vJUW0qb7wqzbe9sBeqEywJbDb9v/.NJ/C3YRQ5Wp5ln.',0,0,1,88,'01-03-2021','1-12-2083',4,3,6,1,26,63);
INSERT INTO usuarios(ap_usuarios,nom_usuarios,usu_usuarios,ci_usuarios,correo_usuarios,cont_usuarios,este_usuarios,estr_usuarios,est1_usuarios,item_usuarios,fecha_inc,fecha_nac,id_roles,id_direcciones,id_unidades,id_areas,id_cargos,id_puestos) VALUES('Mendoza Soliz','Rodsana','rmendoza','3322236 Lp','rmendoza@ait.gob.bo','$2y$10$3n8/T5nM.vJUW0qb7wqzbe9sBeqEywJbDb9v/.NJ/C3YRQ5Wp5ln.',0,0,1,89,'01-03-2004','1-12-2084',4,3,6,3,28,66);
INSERT INTO usuarios(ap_usuarios,nom_usuarios,usu_usuarios,ci_usuarios,correo_usuarios,cont_usuarios,este_usuarios,estr_usuarios,est1_usuarios,item_usuarios,fecha_inc,fecha_nac,id_roles,id_direcciones,id_unidades,id_areas,id_cargos,id_puestos) VALUES('Herrera Heredia','Nataly','nherrera','4889528 Lp','nherrera@ait.gob.bo','$2y$10$3n8/T5nM.vJUW0qb7wqzbe9sBeqEywJbDb9v/.NJ/C3YRQ5Wp5ln.',0,0,1,90,'12-06-2013','1-12-2085',4,3,6,3,24,43);
INSERT INTO usuarios(ap_usuarios,nom_usuarios,usu_usuarios,ci_usuarios,correo_usuarios,cont_usuarios,este_usuarios,estr_usuarios,est1_usuarios,item_usuarios,fecha_inc,fecha_nac,id_roles,id_direcciones,id_unidades,id_areas,id_cargos,id_puestos) VALUES('Espada Pinto','Lizeth Cynthia','lespada','4877582 Lp','lespada@ait.gob.bo','$2y$10$3n8/T5nM.vJUW0qb7wqzbe9sBeqEywJbDb9v/.NJ/C3YRQ5Wp5ln.',0,0,1,91,'12-11-2012','1-12-2086',4,3,6,3,24,43);
INSERT INTO usuarios(ap_usuarios,nom_usuarios,usu_usuarios,ci_usuarios,correo_usuarios,cont_usuarios,este_usuarios,estr_usuarios,est1_usuarios,item_usuarios,fecha_inc,fecha_nac,id_roles,id_direcciones,id_unidades,id_areas,id_cargos,id_puestos) VALUES('Valdez Valenzuela','Williams Alejandro','wvaldez','3542275 Or','wvaldez@ait.gob.bo','$2y$10$3n8/T5nM.vJUW0qb7wqzbe9sBeqEywJbDb9v/.NJ/C3YRQ5Wp5ln.',0,0,1,92,'07-04-2014','1-12-2087',4,3,6,3,24,43);
INSERT INTO usuarios(ap_usuarios,nom_usuarios,usu_usuarios,ci_usuarios,correo_usuarios,cont_usuarios,este_usuarios,estr_usuarios,est1_usuarios,item_usuarios,fecha_inc,fecha_nac,id_roles,id_direcciones,id_unidades,id_areas,id_cargos,id_puestos) VALUES('Amezaga Medrano','Maria Pamela','mamezaga','3499637 Lp','mamezaga@ait.gob.bo','$2y$10$3n8/T5nM.vJUW0qb7wqzbe9sBeqEywJbDb9v/.NJ/C3YRQ5Wp5ln.',0,0,1,93,'24-04-2012','1-12-2088',4,3,6,3,24,43);
INSERT INTO usuarios(ap_usuarios,nom_usuarios,usu_usuarios,ci_usuarios,correo_usuarios,cont_usuarios,este_usuarios,estr_usuarios,est1_usuarios,item_usuarios,fecha_inc,fecha_nac,id_roles,id_direcciones,id_unidades,id_areas,id_cargos,id_puestos) VALUES('Peñarrieta Loria','Silvia Tatiana','speñarrieta','4771025 Lp','speñarrieta@ait.gob.bo','$2y$10$3n8/T5nM.vJUW0qb7wqzbe9sBeqEywJbDb9v/.NJ/C3YRQ5Wp5ln.',0,0,1,94,'11-06-2013','1-12-2089',4,3,6,3,24,43);
INSERT INTO usuarios(ap_usuarios,nom_usuarios,usu_usuarios,ci_usuarios,correo_usuarios,cont_usuarios,este_usuarios,estr_usuarios,est1_usuarios,item_usuarios,fecha_inc,fecha_nac,id_roles,id_direcciones,id_unidades,id_areas,id_cargos,id_puestos) VALUES('Aranda Machicado','Maria Del Carmen','narana','6807808 Lp','narana@ait.gob.bo','$2y$10$3n8/T5nM.vJUW0qb7wqzbe9sBeqEywJbDb9v/.NJ/C3YRQ5Wp5ln.',0,0,1,95,'05-04-2021','1-12-2090',4,3,6,3,24,43);
INSERT INTO usuarios(ap_usuarios,nom_usuarios,usu_usuarios,ci_usuarios,correo_usuarios,cont_usuarios,este_usuarios,estr_usuarios,est1_usuarios,item_usuarios,fecha_inc,fecha_nac,id_roles,id_direcciones,id_unidades,id_areas,id_cargos,id_puestos) VALUES('Rivas Vallejos','Marcos Rolando','mrivas','2718379 Lp','mrivas@ait.gob.bo','$2y$10$3n8/T5nM.vJUW0qb7wqzbe9sBeqEywJbDb9v/.NJ/C3YRQ5Wp5ln.',0,0,1,96,'11-10-2016','1-12-2091',4,3,6,3,24,43);
INSERT INTO usuarios(ap_usuarios,nom_usuarios,usu_usuarios,ci_usuarios,correo_usuarios,cont_usuarios,este_usuarios,estr_usuarios,est1_usuarios,item_usuarios,fecha_inc,fecha_nac,id_roles,id_direcciones,id_unidades,id_areas,id_cargos,id_puestos) VALUES('Aramayo Polo','Jorge Julio','jaramayo','4754612 Lp','jaramayo@ait.gob.bo','$2y$10$3n8/T5nM.vJUW0qb7wqzbe9sBeqEywJbDb9v/.NJ/C3YRQ5Wp5ln.',0,0,1,97,'10-03-2021','1-12-2092',4,3,6,3,24,43);
INSERT INTO usuarios(ap_usuarios,nom_usuarios,usu_usuarios,ci_usuarios,correo_usuarios,cont_usuarios,este_usuarios,estr_usuarios,est1_usuarios,item_usuarios,fecha_inc,fecha_nac,id_roles,id_direcciones,id_unidades,id_areas,id_cargos,id_puestos) VALUES('Flores Mamani','Ovidio','oflores','6826719 Lp','oflores@ait.gob.bo','$2y$10$3n8/T5nM.vJUW0qb7wqzbe9sBeqEywJbDb9v/.NJ/C3YRQ5Wp5ln.',0,0,1,98,'09-02-2022','1-12-2093',4,3,6,3,4,11);
INSERT INTO usuarios(ap_usuarios,nom_usuarios,usu_usuarios,ci_usuarios,correo_usuarios,cont_usuarios,este_usuarios,estr_usuarios,est1_usuarios,item_usuarios,fecha_inc,fecha_nac,id_roles,id_direcciones,id_unidades,id_areas,id_cargos,id_puestos) VALUES('Teran Mendoza','Sergio Antonio','steran','4906426 Lp','steran@ait.gob.bo','$2y$10$3n8/T5nM.vJUW0qb7wqzbe9sBeqEywJbDb9v/.NJ/C3YRQ5Wp5ln.',0,0,1,99,'20-04-2021','1-12-2094',4,3,6,3,5,11);
INSERT INTO usuarios(ap_usuarios,nom_usuarios,usu_usuarios,ci_usuarios,correo_usuarios,cont_usuarios,este_usuarios,estr_usuarios,est1_usuarios,item_usuarios,fecha_inc,fecha_nac,id_roles,id_direcciones,id_unidades,id_areas,id_cargos,id_puestos) VALUES('Vera Villalobos','Alejandra','avera','4875477 Lp','avera@ait.gob.bo','$2y$10$3n8/T5nM.vJUW0qb7wqzbe9sBeqEywJbDb9v/.NJ/C3YRQ5Wp5ln.',0,0,1,100,'01-12-2020','1-12-2095',4,3,6,2,28,62);
INSERT INTO usuarios(ap_usuarios,nom_usuarios,usu_usuarios,ci_usuarios,correo_usuarios,cont_usuarios,este_usuarios,estr_usuarios,est1_usuarios,item_usuarios,fecha_inc,fecha_nac,id_roles,id_direcciones,id_unidades,id_areas,id_cargos,id_puestos) VALUES('Timm Parada','Marina Elena','mtimm','771220 Cb','mtimm@ait.gob.bo','$2y$10$3n8/T5nM.vJUW0qb7wqzbe9sBeqEywJbDb9v/.NJ/C3YRQ5Wp5ln.',0,0,1,101,'01-03-2010','1-12-2096',4,3,6,2,24,40);
INSERT INTO usuarios(ap_usuarios,nom_usuarios,usu_usuarios,ci_usuarios,correo_usuarios,cont_usuarios,este_usuarios,estr_usuarios,est1_usuarios,item_usuarios,fecha_inc,fecha_nac,id_roles,id_direcciones,id_unidades,id_areas,id_cargos,id_puestos) VALUES('Mercado Valdez','Maria','mmercado','2618098 Lp','mmercado@ait.gob.bo','$2y$10$3n8/T5nM.vJUW0qb7wqzbe9sBeqEywJbDb9v/.NJ/C3YRQ5Wp5ln.',0,0,1,102,'02-07-2012','1-12-2097',4,3,6,2,24,40);
INSERT INTO usuarios(ap_usuarios,nom_usuarios,usu_usuarios,ci_usuarios,correo_usuarios,cont_usuarios,este_usuarios,estr_usuarios,est1_usuarios,item_usuarios,fecha_inc,fecha_nac,id_roles,id_direcciones,id_unidades,id_areas,id_cargos,id_puestos) VALUES('Gemio Carpio','Mirtha Helen','mgemio','4740955 Lp','mgemio@ait.gob.bo','$2y$10$3n8/T5nM.vJUW0qb7wqzbe9sBeqEywJbDb9v/.NJ/C3YRQ5Wp5ln.',0,0,1,103,'01-02-2018','1-12-2098',4,3,6,2,24,40);
INSERT INTO usuarios(ap_usuarios,nom_usuarios,usu_usuarios,ci_usuarios,correo_usuarios,cont_usuarios,este_usuarios,estr_usuarios,est1_usuarios,item_usuarios,fecha_inc,fecha_nac,id_roles,id_direcciones,id_unidades,id_areas,id_cargos,id_puestos) VALUES('Marin Mendoza','Milenka Aneliz','mmarin','4834370 Lp','mmarin@ait.gob.bo','$2y$10$3n8/T5nM.vJUW0qb7wqzbe9sBeqEywJbDb9v/.NJ/C3YRQ5Wp5ln.',0,0,1,104,'17-12-2020','1-12-2099',4,3,6,2,24,40);
INSERT INTO usuarios(ap_usuarios,nom_usuarios,usu_usuarios,ci_usuarios,correo_usuarios,cont_usuarios,este_usuarios,estr_usuarios,est1_usuarios,item_usuarios,fecha_inc,fecha_nac,id_roles,id_direcciones,id_unidades,id_areas,id_cargos,id_puestos) VALUES('Segales Bothelo','Mauricio Felix','msegales','4808290 Lp','msegales@ait.gob.bo','$2y$10$3n8/T5nM.vJUW0qb7wqzbe9sBeqEywJbDb9v/.NJ/C3YRQ5Wp5ln.',0,0,1,105,'15-03-2018','1-12-2100',4,3,6,2,24,40);
INSERT INTO usuarios(ap_usuarios,nom_usuarios,usu_usuarios,ci_usuarios,correo_usuarios,cont_usuarios,este_usuarios,estr_usuarios,est1_usuarios,item_usuarios,fecha_inc,fecha_nac,id_roles,id_direcciones,id_unidades,id_areas,id_cargos,id_puestos) VALUES('Hilari Poma','Gloria','ghilari','4951559 Lp','ghilari@ait.gob.bo','$2y$10$3n8/T5nM.vJUW0qb7wqzbe9sBeqEywJbDb9v/.NJ/C3YRQ5Wp5ln.',0,0,1,107,'24-11-2020','1-12-2101',4,3,6,2,24,40);
INSERT INTO usuarios(ap_usuarios,nom_usuarios,usu_usuarios,ci_usuarios,correo_usuarios,cont_usuarios,este_usuarios,estr_usuarios,est1_usuarios,item_usuarios,fecha_inc,fecha_nac,id_roles,id_direcciones,id_unidades,id_areas,id_cargos,id_puestos) VALUES('Camacho Camacho','Martin Jesuha','mcamacho','4808797 Lp','mcamacho@ait.gob.bo','$2y$10$3n8/T5nM.vJUW0qb7wqzbe9sBeqEywJbDb9v/.NJ/C3YRQ5Wp5ln.',0,0,1,108,'08-02-2021','1-12-2102',4,3,6,2,5,11);
INSERT INTO usuarios(ap_usuarios,nom_usuarios,usu_usuarios,ci_usuarios,correo_usuarios,cont_usuarios,este_usuarios,estr_usuarios,est1_usuarios,item_usuarios,fecha_inc,fecha_nac,id_roles,id_direcciones,id_unidades,id_areas,id_cargos,id_puestos) VALUES('Soliz Rodas','Reina Zuleyka','rsoliz','3447280 Lp','rsoliz@ait.gob.bo','$2y$10$3n8/T5nM.vJUW0qb7wqzbe9sBeqEywJbDb9v/.NJ/C3YRQ5Wp5ln.',0,0,1,109,'18-02-2021','1-12-2103',4,4,1,1,17,29);
INSERT INTO usuarios(ap_usuarios,nom_usuarios,usu_usuarios,ci_usuarios,correo_usuarios,cont_usuarios,este_usuarios,estr_usuarios,est1_usuarios,item_usuarios,fecha_inc,fecha_nac,id_roles,id_direcciones,id_unidades,id_areas,id_cargos,id_puestos) VALUES('Gonzales Soruco','Carmen Evelin','cgonzales','4691617 Sc','cgonzales@ait.gob.bo','$2y$10$3n8/T5nM.vJUW0qb7wqzbe9sBeqEywJbDb9v/.NJ/C3YRQ5Wp5ln.',0,0,1,110,'22-08-2007','1-12-2104',4,4,1,1,11,20);
INSERT INTO usuarios(ap_usuarios,nom_usuarios,usu_usuarios,ci_usuarios,correo_usuarios,cont_usuarios,este_usuarios,estr_usuarios,est1_usuarios,item_usuarios,fecha_inc,fecha_nac,id_roles,id_direcciones,id_unidades,id_areas,id_cargos,id_puestos) VALUES('Justiniano Quinteros','Renan','rjustiniano','2993017 Sc','rjustiniano@ait.gob.bo','$2y$10$3n8/T5nM.vJUW0qb7wqzbe9sBeqEywJbDb9v/.NJ/C3YRQ5Wp5ln.',0,0,1,111,'16-07-2007','1-12-2105',4,4,1,1,15,23);
INSERT INTO usuarios(ap_usuarios,nom_usuarios,usu_usuarios,ci_usuarios,correo_usuarios,cont_usuarios,este_usuarios,estr_usuarios,est1_usuarios,item_usuarios,fecha_inc,fecha_nac,id_roles,id_direcciones,id_unidades,id_areas,id_cargos,id_puestos) VALUES('Vargas Encinas','Karina Sandra','kvargas','3296655 Sc','kvargas@ait.gob.bo','$2y$10$3n8/T5nM.vJUW0qb7wqzbe9sBeqEywJbDb9v/.NJ/C3YRQ5Wp5ln.',0,0,1,112,'01-07-2015','1-12-2106',4,4,1,1,3,45);
INSERT INTO usuarios(ap_usuarios,nom_usuarios,usu_usuarios,ci_usuarios,correo_usuarios,cont_usuarios,este_usuarios,estr_usuarios,est1_usuarios,item_usuarios,fecha_inc,fecha_nac,id_roles,id_direcciones,id_unidades,id_areas,id_cargos,id_puestos) VALUES('Castro Vargas','Placido','pcastro','5981578 Lp','pcastro@ait.gob.bo','$2y$10$3n8/T5nM.vJUW0qb7wqzbe9sBeqEywJbDb9v/.NJ/C3YRQ5Wp5ln.',0,0,1,113,'01-03-2018','1-12-2107',4,4,1,1,3,10);
INSERT INTO usuarios(ap_usuarios,nom_usuarios,usu_usuarios,ci_usuarios,correo_usuarios,cont_usuarios,este_usuarios,estr_usuarios,est1_usuarios,item_usuarios,fecha_inc,fecha_nac,id_roles,id_direcciones,id_unidades,id_areas,id_cargos,id_puestos) VALUES('Salcedo Terceros','Roberto','rsalcedo','2475252 Lp','rsalcedo@ait.gob.bo','$2y$10$3n8/T5nM.vJUW0qb7wqzbe9sBeqEywJbDb9v/.NJ/C3YRQ5Wp5ln.',0,0,1,114,'19-10-2007','1-12-2108',4,4,1,1,26,63);
INSERT INTO usuarios(ap_usuarios,nom_usuarios,usu_usuarios,ci_usuarios,correo_usuarios,cont_usuarios,este_usuarios,estr_usuarios,est1_usuarios,item_usuarios,fecha_inc,fecha_nac,id_roles,id_direcciones,id_unidades,id_areas,id_cargos,id_puestos) VALUES('Acebey Gomez','Freddy Antonio','facebey','4642616 Sc','facebey@ait.gob.bo','$2y$10$3n8/T5nM.vJUW0qb7wqzbe9sBeqEywJbDb9v/.NJ/C3YRQ5Wp5ln.',0,0,1,115,'02-10-2012','1-12-2109',4,4,6,4,30,60);
INSERT INTO usuarios(ap_usuarios,nom_usuarios,usu_usuarios,ci_usuarios,correo_usuarios,cont_usuarios,este_usuarios,estr_usuarios,est1_usuarios,item_usuarios,fecha_inc,fecha_nac,id_roles,id_direcciones,id_unidades,id_areas,id_cargos,id_puestos) VALUES('Prado Careaga','Cimar Alvaro','cprado','5505965 Pt','cprado@ait.gob.bo','$2y$10$3n8/T5nM.vJUW0qb7wqzbe9sBeqEywJbDb9v/.NJ/C3YRQ5Wp5ln.',0,0,1,116,'08-12-2020','1-12-2110',4,4,6,4,3,6);
INSERT INTO usuarios(ap_usuarios,nom_usuarios,usu_usuarios,ci_usuarios,correo_usuarios,cont_usuarios,este_usuarios,estr_usuarios,est1_usuarios,item_usuarios,fecha_inc,fecha_nac,id_roles,id_direcciones,id_unidades,id_areas,id_cargos,id_puestos) VALUES('Terceros Arce','Paola Andrea','pterceros','6393326 Sc','pterceros@ait.gob.bo','$2y$10$3n8/T5nM.vJUW0qb7wqzbe9sBeqEywJbDb9v/.NJ/C3YRQ5Wp5ln.',0,0,1,117,'02-01-2018','1-12-2111',4,4,6,4,5,6);
INSERT INTO usuarios(ap_usuarios,nom_usuarios,usu_usuarios,ci_usuarios,correo_usuarios,cont_usuarios,este_usuarios,estr_usuarios,est1_usuarios,item_usuarios,fecha_inc,fecha_nac,id_roles,id_direcciones,id_unidades,id_areas,id_cargos,id_puestos) VALUES('Fuentes Ballesteros','Ninoska Dayana','nfuentes','4296145 Lp','nfuentes@ait.gob.bo','$2y$10$3n8/T5nM.vJUW0qb7wqzbe9sBeqEywJbDb9v/.NJ/C3YRQ5Wp5ln.',0,0,1,118,'02-12-2020','1-12-2112',4,4,6,4,26,63);
INSERT INTO usuarios(ap_usuarios,nom_usuarios,usu_usuarios,ci_usuarios,correo_usuarios,cont_usuarios,este_usuarios,estr_usuarios,est1_usuarios,item_usuarios,fecha_inc,fecha_nac,id_roles,id_direcciones,id_unidades,id_areas,id_cargos,id_puestos) VALUES('Acapa Bellido','Wilber Edwin','wacapa','9794671 Sc','wacapa@ait.gob.bo','$2y$10$3n8/T5nM.vJUW0qb7wqzbe9sBeqEywJbDb9v/.NJ/C3YRQ5Wp5ln.',0,0,1,119,'11-02-2016','1-12-2113',4,4,6,4,22,33);
INSERT INTO usuarios(ap_usuarios,nom_usuarios,usu_usuarios,ci_usuarios,correo_usuarios,cont_usuarios,este_usuarios,estr_usuarios,est1_usuarios,item_usuarios,fecha_inc,fecha_nac,id_roles,id_direcciones,id_unidades,id_areas,id_cargos,id_puestos) VALUES('Molina Suarez','Nayara Carolina','nmolina','7580309 Bn','nmolina@ait.gob.bo','$2y$10$3n8/T5nM.vJUW0qb7wqzbe9sBeqEywJbDb9v/.NJ/C3YRQ5Wp5ln.',0,0,1,120,'26-01-2021','1-12-2114',4,4,6,4,25,53);
INSERT INTO usuarios(ap_usuarios,nom_usuarios,usu_usuarios,ci_usuarios,correo_usuarios,cont_usuarios,este_usuarios,estr_usuarios,est1_usuarios,item_usuarios,fecha_inc,fecha_nac,id_roles,id_direcciones,id_unidades,id_areas,id_cargos,id_puestos) VALUES('Coimbra Medina','Giovanna','gcoimbra','5336044 Sc','gcoimbra@ait.gob.bo','$2y$10$3n8/T5nM.vJUW0qb7wqzbe9sBeqEywJbDb9v/.NJ/C3YRQ5Wp5ln.',0,0,1,121,'07-02-2018','1-12-2115',4,4,6,4,25,55);
INSERT INTO usuarios(ap_usuarios,nom_usuarios,usu_usuarios,ci_usuarios,correo_usuarios,cont_usuarios,este_usuarios,estr_usuarios,est1_usuarios,item_usuarios,fecha_inc,fecha_nac,id_roles,id_direcciones,id_unidades,id_areas,id_cargos,id_puestos) VALUES('Arze Vargas','Claudia Cecilia','carze','4695600 Sc','carze@ait.gob.bo','$2y$10$3n8/T5nM.vJUW0qb7wqzbe9sBeqEywJbDb9v/.NJ/C3YRQ5Wp5ln.',0,0,1,122,'01-03-2013','1-12-2116',4,4,6,1,33,46);
INSERT INTO usuarios(ap_usuarios,nom_usuarios,usu_usuarios,ci_usuarios,correo_usuarios,cont_usuarios,este_usuarios,estr_usuarios,est1_usuarios,item_usuarios,fecha_inc,fecha_nac,id_roles,id_direcciones,id_unidades,id_areas,id_cargos,id_puestos) VALUES('Laura Condori','Omar','olaura','4948860 Lp','olaura@ait.gob.bo','$2y$10$3n8/T5nM.vJUW0qb7wqzbe9sBeqEywJbDb9v/.NJ/C3YRQ5Wp5ln.',0,0,1,124,'24-01-2012','1-12-2117',4,4,6,3,28,66);
INSERT INTO usuarios(ap_usuarios,nom_usuarios,usu_usuarios,ci_usuarios,correo_usuarios,cont_usuarios,este_usuarios,estr_usuarios,est1_usuarios,item_usuarios,fecha_inc,fecha_nac,id_roles,id_direcciones,id_unidades,id_areas,id_cargos,id_puestos) VALUES('Mercado Cuellar','Yngrid','ymercado','3250183 Sc','ymercado@ait.gob.bo','$2y$10$3n8/T5nM.vJUW0qb7wqzbe9sBeqEywJbDb9v/.NJ/C3YRQ5Wp5ln.',0,0,1,125,'15-11-2011','1-12-2118',4,4,6,3,24,43);
INSERT INTO usuarios(ap_usuarios,nom_usuarios,usu_usuarios,ci_usuarios,correo_usuarios,cont_usuarios,este_usuarios,estr_usuarios,est1_usuarios,item_usuarios,fecha_inc,fecha_nac,id_roles,id_direcciones,id_unidades,id_areas,id_cargos,id_puestos) VALUES('Garron Arias','Maritzabel','mgarron','1931717 Bn','mgarron@ait.gob.bo','$2y$10$3n8/T5nM.vJUW0qb7wqzbe9sBeqEywJbDb9v/.NJ/C3YRQ5Wp5ln.',0,0,1,126,'26-11-2018','1-12-2119',4,4,6,3,24,43);
INSERT INTO usuarios(ap_usuarios,nom_usuarios,usu_usuarios,ci_usuarios,correo_usuarios,cont_usuarios,este_usuarios,estr_usuarios,est1_usuarios,item_usuarios,fecha_inc,fecha_nac,id_roles,id_direcciones,id_unidades,id_areas,id_cargos,id_puestos) VALUES('Severiche Valverde','Rosy','rseveriche','5827724 Sc','rseveriche@ait.gob.bo','$2y$10$3n8/T5nM.vJUW0qb7wqzbe9sBeqEywJbDb9v/.NJ/C3YRQ5Wp5ln.',0,0,1,127,'16-12-2013','1-12-2120',4,4,6,3,24,43);
INSERT INTO usuarios(ap_usuarios,nom_usuarios,usu_usuarios,ci_usuarios,correo_usuarios,cont_usuarios,este_usuarios,estr_usuarios,est1_usuarios,item_usuarios,fecha_inc,fecha_nac,id_roles,id_direcciones,id_unidades,id_areas,id_cargos,id_puestos) VALUES('Rios Barragan','Monica Ivonne','mrios','2713647 Lp','mrios@ait.gob.bo','$2y$10$3n8/T5nM.vJUW0qb7wqzbe9sBeqEywJbDb9v/.NJ/C3YRQ5Wp5ln.',0,0,1,128,'12-11-2012','1-12-2121',4,4,6,3,24,43);
INSERT INTO usuarios(ap_usuarios,nom_usuarios,usu_usuarios,ci_usuarios,correo_usuarios,cont_usuarios,este_usuarios,estr_usuarios,est1_usuarios,item_usuarios,fecha_inc,fecha_nac,id_roles,id_direcciones,id_unidades,id_areas,id_cargos,id_puestos) VALUES('Illanes Barriga','Adriana Pahola','aillanes','3475233 Lp','aillanes@ait.gob.bo','$2y$10$3n8/T5nM.vJUW0qb7wqzbe9sBeqEywJbDb9v/.NJ/C3YRQ5Wp5ln.',0,0,1,129,'18-09-2013','1-12-2122',4,4,6,3,24,43);
INSERT INTO usuarios(ap_usuarios,nom_usuarios,usu_usuarios,ci_usuarios,correo_usuarios,cont_usuarios,este_usuarios,estr_usuarios,est1_usuarios,item_usuarios,fecha_inc,fecha_nac,id_roles,id_direcciones,id_unidades,id_areas,id_cargos,id_puestos) VALUES('Quiroz Cespedes','Daizi Jhosalin','dquiroz','7765953 Sc','dquiroz@ait.gob.bo','$2y$10$3n8/T5nM.vJUW0qb7wqzbe9sBeqEywJbDb9v/.NJ/C3YRQ5Wp5ln.',0,0,1,130,'06-07-2021','1-12-2123',4,4,6,3,4,11);
INSERT INTO usuarios(ap_usuarios,nom_usuarios,usu_usuarios,ci_usuarios,correo_usuarios,cont_usuarios,este_usuarios,estr_usuarios,est1_usuarios,item_usuarios,fecha_inc,fecha_nac,id_roles,id_direcciones,id_unidades,id_areas,id_cargos,id_puestos) VALUES('Arnez Pedraza','Olga Mireya','oarnez','6297400 Sc','oarnez@ait.gob.bo','$2y$10$3n8/T5nM.vJUW0qb7wqzbe9sBeqEywJbDb9v/.NJ/C3YRQ5Wp5ln.',0,0,1,131,'11-10-2013','1-12-2124',4,4,6,2,28,62);
INSERT INTO usuarios(ap_usuarios,nom_usuarios,usu_usuarios,ci_usuarios,correo_usuarios,cont_usuarios,este_usuarios,estr_usuarios,est1_usuarios,item_usuarios,fecha_inc,fecha_nac,id_roles,id_direcciones,id_unidades,id_areas,id_cargos,id_puestos) VALUES('Gonzales Perez','Ana Gabriela','agonzales','6375337 Cb','agonzales@ait.gob.bo','$2y$10$3n8/T5nM.vJUW0qb7wqzbe9sBeqEywJbDb9v/.NJ/C3YRQ5Wp5ln.',0,0,1,132,'17-05-2021','1-12-2125',4,4,6,2,24,40);
INSERT INTO usuarios(ap_usuarios,nom_usuarios,usu_usuarios,ci_usuarios,correo_usuarios,cont_usuarios,este_usuarios,estr_usuarios,est1_usuarios,item_usuarios,fecha_inc,fecha_nac,id_roles,id_direcciones,id_unidades,id_areas,id_cargos,id_puestos) VALUES('Ramos Ojeda','Naddia Valeria','nramos','7840987 Sc','nramos@ait.gob.bo','$2y$10$3n8/T5nM.vJUW0qb7wqzbe9sBeqEywJbDb9v/.NJ/C3YRQ5Wp5ln.',0,0,1,133,'26-11-2018','1-12-2126',4,4,6,2,24,40);
INSERT INTO usuarios(ap_usuarios,nom_usuarios,usu_usuarios,ci_usuarios,correo_usuarios,cont_usuarios,este_usuarios,estr_usuarios,est1_usuarios,item_usuarios,fecha_inc,fecha_nac,id_roles,id_direcciones,id_unidades,id_areas,id_cargos,id_puestos) VALUES('Suarez Rossi','Erick Raul','esuarez','5602368 Bn','esuarez@ait.gob.bo','$2y$10$3n8/T5nM.vJUW0qb7wqzbe9sBeqEywJbDb9v/.NJ/C3YRQ5Wp5ln.',0,0,1,135,'18-11-2015','1-12-2127',4,4,6,2,24,40);
INSERT INTO usuarios(ap_usuarios,nom_usuarios,usu_usuarios,ci_usuarios,correo_usuarios,cont_usuarios,este_usuarios,estr_usuarios,est1_usuarios,item_usuarios,fecha_inc,fecha_nac,id_roles,id_direcciones,id_unidades,id_areas,id_cargos,id_puestos) VALUES('Huanca Vasquez','Rene Luis','rhuanca','837065 Lp','rhuanca@ait.gob.bo','$2y$10$3n8/T5nM.vJUW0qb7wqzbe9sBeqEywJbDb9v/.NJ/C3YRQ5Wp5ln.',0,0,1,136,'14-04-2021','1-12-2128',4,4,6,2,24,40);
INSERT INTO usuarios(ap_usuarios,nom_usuarios,usu_usuarios,ci_usuarios,correo_usuarios,cont_usuarios,este_usuarios,estr_usuarios,est1_usuarios,item_usuarios,fecha_inc,fecha_nac,id_roles,id_direcciones,id_unidades,id_areas,id_cargos,id_puestos) VALUES('Araujo Mirabal','Rodrigo Eduardo','raraujo','10916748 Pt','raraujo@ait.gob.bo','$2y$10$3n8/T5nM.vJUW0qb7wqzbe9sBeqEywJbDb9v/.NJ/C3YRQ5Wp5ln.',0,0,1,137,'06-05-2021','1-12-2129',4,4,6,2,4,11);
INSERT INTO usuarios(ap_usuarios,nom_usuarios,usu_usuarios,ci_usuarios,correo_usuarios,cont_usuarios,este_usuarios,estr_usuarios,est1_usuarios,item_usuarios,fecha_inc,fecha_nac,id_roles,id_direcciones,id_unidades,id_areas,id_cargos,id_puestos) VALUES('Barrios Dominguez','Maribel','mbarrios','9415086 Cb','mbarrios@ait.gob.bo','$2y$10$3n8/T5nM.vJUW0qb7wqzbe9sBeqEywJbDb9v/.NJ/C3YRQ5Wp5ln.',0,0,1,139,'10-05-2022','1-12-2130',4,5,1,1,11,20);
INSERT INTO usuarios(ap_usuarios,nom_usuarios,usu_usuarios,ci_usuarios,correo_usuarios,cont_usuarios,este_usuarios,estr_usuarios,est1_usuarios,item_usuarios,fecha_inc,fecha_nac,id_roles,id_direcciones,id_unidades,id_areas,id_cargos,id_puestos) VALUES('Coro Colque','Camilo Dennis','ccoro','7998294 Cb','ccoro@ait.gob.bo','$2y$10$3n8/T5nM.vJUW0qb7wqzbe9sBeqEywJbDb9v/.NJ/C3YRQ5Wp5ln.',0,0,1,140,'08-11-2021','1-12-2131',4,5,1,1,20,32);
INSERT INTO usuarios(ap_usuarios,nom_usuarios,usu_usuarios,ci_usuarios,correo_usuarios,cont_usuarios,este_usuarios,estr_usuarios,est1_usuarios,item_usuarios,fecha_inc,fecha_nac,id_roles,id_direcciones,id_unidades,id_areas,id_cargos,id_puestos) VALUES('Velasco Callao','Maria Laura','mvelasco','3766828 Cb','mvelasco@ait.gob.bo','$2y$10$3n8/T5nM.vJUW0qb7wqzbe9sBeqEywJbDb9v/.NJ/C3YRQ5Wp5ln.',0,0,1,141,'14-12-2020','1-12-2132',4,5,1,1,3,45);
INSERT INTO usuarios(ap_usuarios,nom_usuarios,usu_usuarios,ci_usuarios,correo_usuarios,cont_usuarios,este_usuarios,estr_usuarios,est1_usuarios,item_usuarios,fecha_inc,fecha_nac,id_roles,id_direcciones,id_unidades,id_areas,id_cargos,id_puestos) VALUES('Mesa Sanchez','Armin','amesa','7526115 Ch','amesa@ait.gob.bo','$2y$10$3n8/T5nM.vJUW0qb7wqzbe9sBeqEywJbDb9v/.NJ/C3YRQ5Wp5ln.',0,0,1,142,'21-02-2022','1-12-2133',4,5,1,1,3,10);
INSERT INTO usuarios(ap_usuarios,nom_usuarios,usu_usuarios,ci_usuarios,correo_usuarios,cont_usuarios,este_usuarios,estr_usuarios,est1_usuarios,item_usuarios,fecha_inc,fecha_nac,id_roles,id_direcciones,id_unidades,id_areas,id_cargos,id_puestos) VALUES('Montero Rosalva','Luisa','lmontero','7168306 Tj','lmontero@ait.gob.bo','$2y$10$3n8/T5nM.vJUW0qb7wqzbe9sBeqEywJbDb9v/.NJ/C3YRQ5Wp5ln.',0,0,1,143,'11-05-2022','1-12-2134',4,5,1,1,26,28);
INSERT INTO usuarios(ap_usuarios,nom_usuarios,usu_usuarios,ci_usuarios,correo_usuarios,cont_usuarios,este_usuarios,estr_usuarios,est1_usuarios,item_usuarios,fecha_inc,fecha_nac,id_roles,id_direcciones,id_unidades,id_areas,id_cargos,id_puestos) VALUES('Morales Ergueta','Maria Ines','mmorales','3732466 Cb','mmorales@ait.gob.bo','$2y$10$3n8/T5nM.vJUW0qb7wqzbe9sBeqEywJbDb9v/.NJ/C3YRQ5Wp5ln.',0,0,1,144,'29-06-2022','1-12-2135',4,5,6,4,31,60);
INSERT INTO usuarios(ap_usuarios,nom_usuarios,usu_usuarios,ci_usuarios,correo_usuarios,cont_usuarios,este_usuarios,estr_usuarios,est1_usuarios,item_usuarios,fecha_inc,fecha_nac,id_roles,id_direcciones,id_unidades,id_areas,id_cargos,id_puestos) VALUES('Amador Escobar','Erika Saveli','eamador','10662473 Tj','eamador@ait.gob.bo','$2y$10$3n8/T5nM.vJUW0qb7wqzbe9sBeqEywJbDb9v/.NJ/C3YRQ5Wp5ln.',0,0,1,145,'05-04-2021','1-12-2136',4,5,6,4,22,35);
INSERT INTO usuarios(ap_usuarios,nom_usuarios,usu_usuarios,ci_usuarios,correo_usuarios,cont_usuarios,este_usuarios,estr_usuarios,est1_usuarios,item_usuarios,fecha_inc,fecha_nac,id_roles,id_direcciones,id_unidades,id_areas,id_cargos,id_puestos) VALUES('Apaza Huanca','Janneth Lourdes','japaza','7930613 Cb','japaza@ait.gob.bo','$2y$10$3n8/T5nM.vJUW0qb7wqzbe9sBeqEywJbDb9v/.NJ/C3YRQ5Wp5ln.',0,0,1,146,'08-11-2021','1-12-2137',4,5,6,4,22,33);
INSERT INTO usuarios(ap_usuarios,nom_usuarios,usu_usuarios,ci_usuarios,correo_usuarios,cont_usuarios,este_usuarios,estr_usuarios,est1_usuarios,item_usuarios,fecha_inc,fecha_nac,id_roles,id_direcciones,id_unidades,id_areas,id_cargos,id_puestos) VALUES('Uyuli Encinas','Lusdari','luyuli','4276061 Lp','luyuli@ait.gob.bo','$2y$10$3n8/T5nM.vJUW0qb7wqzbe9sBeqEywJbDb9v/.NJ/C3YRQ5Wp5ln.',0,0,1,147,'22/08/2022','1-12-2138',4,5,6,4,25,57);
INSERT INTO usuarios(ap_usuarios,nom_usuarios,usu_usuarios,ci_usuarios,correo_usuarios,cont_usuarios,este_usuarios,estr_usuarios,est1_usuarios,item_usuarios,fecha_inc,fecha_nac,id_roles,id_direcciones,id_unidades,id_areas,id_cargos,id_puestos) VALUES('Espinoza Bravo','Claudia Doris','cespinoza','5525298 Pt','cespinoza@ait.gob.bo','$2y$10$3n8/T5nM.vJUW0qb7wqzbe9sBeqEywJbDb9v/.NJ/C3YRQ5Wp5ln.',0,0,1,148,'16-05-2022','1-12-2139',4,5,6,4,5,6);
INSERT INTO usuarios(ap_usuarios,nom_usuarios,usu_usuarios,ci_usuarios,correo_usuarios,cont_usuarios,este_usuarios,estr_usuarios,est1_usuarios,item_usuarios,fecha_inc,fecha_nac,id_roles,id_direcciones,id_unidades,id_areas,id_cargos,id_puestos) VALUES('Llanos Guardia','Abraham','allanos','4533222 Cb','allanos@ait.gob.bo','$2y$10$3n8/T5nM.vJUW0qb7wqzbe9sBeqEywJbDb9v/.NJ/C3YRQ5Wp5ln.',0,0,1,149,'01-06-2012','1-12-2140',4,5,6,3,34,46);
INSERT INTO usuarios(ap_usuarios,nom_usuarios,usu_usuarios,ci_usuarios,correo_usuarios,cont_usuarios,este_usuarios,estr_usuarios,est1_usuarios,item_usuarios,fecha_inc,fecha_nac,id_roles,id_direcciones,id_unidades,id_areas,id_cargos,id_puestos) VALUES('Cordova Viscarra','Elvia Andrea','ecordova','6473335 Cb','ecordova@ait.gob.bo','$2y$10$3n8/T5nM.vJUW0qb7wqzbe9sBeqEywJbDb9v/.NJ/C3YRQ5Wp5ln.',0,0,1,150,'05-02-2018','1-12-2141',4,5,6,3,29,66);
INSERT INTO usuarios(ap_usuarios,nom_usuarios,usu_usuarios,ci_usuarios,correo_usuarios,cont_usuarios,este_usuarios,estr_usuarios,est1_usuarios,item_usuarios,fecha_inc,fecha_nac,id_roles,id_direcciones,id_unidades,id_areas,id_cargos,id_puestos) VALUES('Antezana Velarde','Luis Mauricio','lantezana','6421793 Cb','lantezana@ait.gob.bo','$2y$10$3n8/T5nM.vJUW0qb7wqzbe9sBeqEywJbDb9v/.NJ/C3YRQ5Wp5ln.',0,0,1,152,'22-04-2014','1-12-2142',4,5,6,3,24,43);
INSERT INTO usuarios(ap_usuarios,nom_usuarios,usu_usuarios,ci_usuarios,correo_usuarios,cont_usuarios,este_usuarios,estr_usuarios,est1_usuarios,item_usuarios,fecha_inc,fecha_nac,id_roles,id_direcciones,id_unidades,id_areas,id_cargos,id_puestos) VALUES('Sandoval Navia','Oney','osandoval','5902203 Tj','osandoval@ait.gob.bo','$2y$10$3n8/T5nM.vJUW0qb7wqzbe9sBeqEywJbDb9v/.NJ/C3YRQ5Wp5ln.',0,0,1,154,'10-01-2022','1-12-2143',4,5,6,3,5,11);
INSERT INTO usuarios(ap_usuarios,nom_usuarios,usu_usuarios,ci_usuarios,correo_usuarios,cont_usuarios,este_usuarios,estr_usuarios,est1_usuarios,item_usuarios,fecha_inc,fecha_nac,id_roles,id_direcciones,id_unidades,id_areas,id_cargos,id_puestos) VALUES('Teran Pino','Roberto Carlos','rteran','3425214 Lp','rteran@ait.gob.bo','$2y$10$3n8/T5nM.vJUW0qb7wqzbe9sBeqEywJbDb9v/.NJ/C3YRQ5Wp5ln.',0,0,1,155,'20-05-2019','1-12-2144',4,5,6,2,29,62);
INSERT INTO usuarios(ap_usuarios,nom_usuarios,usu_usuarios,ci_usuarios,correo_usuarios,cont_usuarios,este_usuarios,estr_usuarios,est1_usuarios,item_usuarios,fecha_inc,fecha_nac,id_roles,id_direcciones,id_unidades,id_areas,id_cargos,id_puestos) VALUES('Lopez Leyton','Kevin','klopez','6691080 Pt','klopez@ait.gob.bo','$2y$10$3n8/T5nM.vJUW0qb7wqzbe9sBeqEywJbDb9v/.NJ/C3YRQ5Wp5ln.',0,0,1,156,'03-12-2020','1-12-2145',4,5,6,2,24,40);
INSERT INTO usuarios(ap_usuarios,nom_usuarios,usu_usuarios,ci_usuarios,correo_usuarios,cont_usuarios,este_usuarios,estr_usuarios,est1_usuarios,item_usuarios,fecha_inc,fecha_nac,id_roles,id_direcciones,id_unidades,id_areas,id_cargos,id_puestos) VALUES('Morales Colque','Edwin Sandro','emorales','6606530 Pt','emorales@ait.gob.bo','$2y$10$3n8/T5nM.vJUW0qb7wqzbe9sBeqEywJbDb9v/.NJ/C3YRQ5Wp5ln.',0,0,1,157,'13-04-2021','1-12-2146',4,5,6,2,24,40);
INSERT INTO usuarios(ap_usuarios,nom_usuarios,usu_usuarios,ci_usuarios,correo_usuarios,cont_usuarios,este_usuarios,estr_usuarios,est1_usuarios,item_usuarios,fecha_inc,fecha_nac,id_roles,id_direcciones,id_unidades,id_areas,id_cargos,id_puestos) VALUES('Perez Jaldin','Luis Silvestre','lperez','6449836 Cb','lperez@ait.gob.bo','$2y$10$3n8/T5nM.vJUW0qb7wqzbe9sBeqEywJbDb9v/.NJ/C3YRQ5Wp5ln.',0,0,1,158,'06-09-2022','1-12-2147',4,5,6,2,24,40);
INSERT INTO usuarios(ap_usuarios,nom_usuarios,usu_usuarios,ci_usuarios,correo_usuarios,cont_usuarios,este_usuarios,estr_usuarios,est1_usuarios,item_usuarios,fecha_inc,fecha_nac,id_roles,id_direcciones,id_unidades,id_areas,id_cargos,id_puestos) VALUES('Villegas Noguera','Karina Zulema','kvillegas','5035741 Tj','kvillegas@ait.gob.bo','$2y$10$3n8/T5nM.vJUW0qb7wqzbe9sBeqEywJbDb9v/.NJ/C3YRQ5Wp5ln.',0,0,1,159,'27-06-2022','1-12-2148',4,5,6,2,5,11);
INSERT INTO usuarios(ap_usuarios,nom_usuarios,usu_usuarios,ci_usuarios,correo_usuarios,cont_usuarios,este_usuarios,estr_usuarios,est1_usuarios,item_usuarios,fecha_inc,fecha_nac,id_roles,id_direcciones,id_unidades,id_areas,id_cargos,id_puestos) VALUES('Mamani Colque','Juan Carlos','jmamani','4100067 Ch','jmamani@ait.gob.bo','$2y$10$3n8/T5nM.vJUW0qb7wqzbe9sBeqEywJbDb9v/.NJ/C3YRQ5Wp5ln.',0,0,1,161,'20-11-2020','1-12-2149',4,6,1,1,20,13);
INSERT INTO usuarios(ap_usuarios,nom_usuarios,usu_usuarios,ci_usuarios,correo_usuarios,cont_usuarios,este_usuarios,estr_usuarios,est1_usuarios,item_usuarios,fecha_inc,fecha_nac,id_roles,id_direcciones,id_unidades,id_areas,id_cargos,id_puestos) VALUES('Taboada Gimenez','Maria Copacabana','mtaboada','4632172 Ch','mtaboada@ait.gob.bo','$2y$10$3n8/T5nM.vJUW0qb7wqzbe9sBeqEywJbDb9v/.NJ/C3YRQ5Wp5ln.',0,0,1,162,'01-11-2013','1-12-2150',4,6,1,1,3,45);
INSERT INTO usuarios(ap_usuarios,nom_usuarios,usu_usuarios,ci_usuarios,correo_usuarios,cont_usuarios,este_usuarios,estr_usuarios,est1_usuarios,item_usuarios,fecha_inc,fecha_nac,id_roles,id_direcciones,id_unidades,id_areas,id_cargos,id_puestos) VALUES('Castro Gonzales','Jhimmy Deyby','jcastro','5090658 Pt','jcastro@ait.gob.bo','$2y$10$3n8/T5nM.vJUW0qb7wqzbe9sBeqEywJbDb9v/.NJ/C3YRQ5Wp5ln.',0,0,1,164,'04-12-2020','1-12-2151',4,6,6,4,31,60);
INSERT INTO usuarios(ap_usuarios,nom_usuarios,usu_usuarios,ci_usuarios,correo_usuarios,cont_usuarios,este_usuarios,estr_usuarios,est1_usuarios,item_usuarios,fecha_inc,fecha_nac,id_roles,id_direcciones,id_unidades,id_areas,id_cargos,id_puestos) VALUES('Carpio Salazar','Maria Del Carmen','pcarpo','1108547 Ch','pcarpo@ait.gob.bo','$2y$10$3n8/T5nM.vJUW0qb7wqzbe9sBeqEywJbDb9v/.NJ/C3YRQ5Wp5ln.',0,0,1,165,'23-05-2016','1-12-2152',4,6,6,4,5,6);
INSERT INTO usuarios(ap_usuarios,nom_usuarios,usu_usuarios,ci_usuarios,correo_usuarios,cont_usuarios,este_usuarios,estr_usuarios,est1_usuarios,item_usuarios,fecha_inc,fecha_nac,id_roles,id_direcciones,id_unidades,id_areas,id_cargos,id_puestos) VALUES('Villalpando Sandi','Julio Cesar','jvillalpando','4017498 Pt','jvillalpando@ait.gob.bo','$2y$10$3n8/T5nM.vJUW0qb7wqzbe9sBeqEywJbDb9v/.NJ/C3YRQ5Wp5ln.',0,0,1,166,'29-03-2021','1-12-2153',4,6,6,4,25,56);
INSERT INTO usuarios(ap_usuarios,nom_usuarios,usu_usuarios,ci_usuarios,correo_usuarios,cont_usuarios,este_usuarios,estr_usuarios,est1_usuarios,item_usuarios,fecha_inc,fecha_nac,id_roles,id_direcciones,id_unidades,id_areas,id_cargos,id_puestos) VALUES('Dorado Reynolds','Mario Pool','mdorado','5501427 Pt','mdorado@ait.gob.bo','$2y$10$3n8/T5nM.vJUW0qb7wqzbe9sBeqEywJbDb9v/.NJ/C3YRQ5Wp5ln.',0,0,1,167,'11-01-2022','1-12-2154',4,6,6,4,9,19);
INSERT INTO usuarios(ap_usuarios,nom_usuarios,usu_usuarios,ci_usuarios,correo_usuarios,cont_usuarios,este_usuarios,estr_usuarios,est1_usuarios,item_usuarios,fecha_inc,fecha_nac,id_roles,id_direcciones,id_unidades,id_areas,id_cargos,id_puestos) VALUES('Lanchipa Ponce','Enrique Alberto','elanchipa','2702064 Lp','elanchipa@ait.gob.bo','$2y$10$3n8/T5nM.vJUW0qb7wqzbe9sBeqEywJbDb9v/.NJ/C3YRQ5Wp5ln.',0,0,1,168,'08-05-2012','1-12-2155',4,6,6,1,34,46);
INSERT INTO usuarios(ap_usuarios,nom_usuarios,usu_usuarios,ci_usuarios,correo_usuarios,cont_usuarios,este_usuarios,estr_usuarios,est1_usuarios,item_usuarios,fecha_inc,fecha_nac,id_roles,id_direcciones,id_unidades,id_areas,id_cargos,id_puestos) VALUES('Cors Rejas','Claudia Betina','ccors','1104652 Ch','ccors@ait.gob.bo','$2y$10$3n8/T5nM.vJUW0qb7wqzbe9sBeqEywJbDb9v/.NJ/C3YRQ5Wp5ln.',0,0,1,169,'08-01-2021','1-12-2156',4,6,6,5,29,65);
INSERT INTO usuarios(ap_usuarios,nom_usuarios,usu_usuarios,ci_usuarios,correo_usuarios,cont_usuarios,este_usuarios,estr_usuarios,est1_usuarios,item_usuarios,fecha_inc,fecha_nac,id_roles,id_direcciones,id_unidades,id_areas,id_cargos,id_puestos) VALUES('Loza Rosales','Ivana','iloza','6560714 Pt','iloza@ait.gob.bo','$2y$10$3n8/T5nM.vJUW0qb7wqzbe9sBeqEywJbDb9v/.NJ/C3YRQ5Wp5ln.',0,0,1,171,'24-07-2019','1-12-2157',4,6,6,5,24,43);
INSERT INTO usuarios(ap_usuarios,nom_usuarios,usu_usuarios,ci_usuarios,correo_usuarios,cont_usuarios,este_usuarios,estr_usuarios,est1_usuarios,item_usuarios,fecha_inc,fecha_nac,id_roles,id_direcciones,id_unidades,id_areas,id_cargos,id_puestos) VALUES('Valda Valda','Sandra Ligia','svalda','1104623 Ch','svalda@ait.gob.bo','$2y$10$3n8/T5nM.vJUW0qb7wqzbe9sBeqEywJbDb9v/.NJ/C3YRQ5Wp5ln.',0,0,1,172,'17-05-2021','1-12-2158',4,6,6,5,5,11);
INSERT INTO usuarios(ap_usuarios,nom_usuarios,usu_usuarios,ci_usuarios,correo_usuarios,cont_usuarios,este_usuarios,estr_usuarios,est1_usuarios,item_usuarios,fecha_inc,fecha_nac,id_roles,id_direcciones,id_unidades,id_areas,id_cargos,id_puestos) VALUES('Mendoza Lavadenz','Juan Carlos','jmendoza','2340838 Lp','jmendoza@ait.gob.bo','$2y$10$3n8/T5nM.vJUW0qb7wqzbe9sBeqEywJbDb9v/.NJ/C3YRQ5Wp5ln.',0,0,1,173,'14-02-2022','1-12-2159',4,6,6,5,24,40);


INSERT INTO contrase(con_contrase,id_sistemasait,id_usuarios) VALUES('',1,2);	INSERT INTO contrase(con_contrase,id_sistemasait,id_usuarios) VALUES('',2,2);	INSERT INTO contrase(con_contrase,id_sistemasait,id_usuarios) VALUES('',3,2);	INSERT INTO contrase(con_contrase,id_sistemasait,id_usuarios) VALUES('',4,2);	INSERT INTO contrase(con_contrase,id_sistemasait,id_usuarios) VALUES('',5,2);	INSERT INTO contrase(con_contrase,id_sistemasait,id_usuarios) VALUES('',6,2);	INSERT INTO contrase(con_contrase,id_sistemasait,id_usuarios) VALUES('',7,2);

INSERT INTO contrase(con_contrase,id_sistemasait,id_usuarios) VALUES('',1,3);	INSERT INTO contrase(con_contrase,id_sistemasait,id_usuarios) VALUES('',2,3);	INSERT INTO contrase(con_contrase,id_sistemasait,id_usuarios) VALUES('',3,3);	INSERT INTO contrase(con_contrase,id_sistemasait,id_usuarios) VALUES('',4,3);	INSERT INTO contrase(con_contrase,id_sistemasait,id_usuarios) VALUES('',5,3);	INSERT INTO contrase(con_contrase,id_sistemasait,id_usuarios) VALUES('',6,3);	INSERT INTO contrase(con_contrase,id_sistemasait,id_usuarios) VALUES('',7,3);
INSERT INTO contrase(con_contrase,id_sistemasait,id_usuarios) VALUES('',1,4);	INSERT INTO contrase(con_contrase,id_sistemasait,id_usuarios) VALUES('',2,4);	INSERT INTO contrase(con_contrase,id_sistemasait,id_usuarios) VALUES('',3,4);	INSERT INTO contrase(con_contrase,id_sistemasait,id_usuarios) VALUES('',4,4);	INSERT INTO contrase(con_contrase,id_sistemasait,id_usuarios) VALUES('',5,4);	INSERT INTO contrase(con_contrase,id_sistemasait,id_usuarios) VALUES('',6,4);	INSERT INTO contrase(con_contrase,id_sistemasait,id_usuarios) VALUES('',7,4);
INSERT INTO contrase(con_contrase,id_sistemasait,id_usuarios) VALUES('',1,5);	INSERT INTO contrase(con_contrase,id_sistemasait,id_usuarios) VALUES('',2,5);	INSERT INTO contrase(con_contrase,id_sistemasait,id_usuarios) VALUES('',3,5);	INSERT INTO contrase(con_contrase,id_sistemasait,id_usuarios) VALUES('',4,5);	INSERT INTO contrase(con_contrase,id_sistemasait,id_usuarios) VALUES('',5,5);	INSERT INTO contrase(con_contrase,id_sistemasait,id_usuarios) VALUES('',6,5);	INSERT INTO contrase(con_contrase,id_sistemasait,id_usuarios) VALUES('',7,5);
INSERT INTO contrase(con_contrase,id_sistemasait,id_usuarios) VALUES('',1,6);	INSERT INTO contrase(con_contrase,id_sistemasait,id_usuarios) VALUES('',2,6);	INSERT INTO contrase(con_contrase,id_sistemasait,id_usuarios) VALUES('',3,6);	INSERT INTO contrase(con_contrase,id_sistemasait,id_usuarios) VALUES('',4,6);	INSERT INTO contrase(con_contrase,id_sistemasait,id_usuarios) VALUES('',5,6);	INSERT INTO contrase(con_contrase,id_sistemasait,id_usuarios) VALUES('',6,6);	INSERT INTO contrase(con_contrase,id_sistemasait,id_usuarios) VALUES('',7,6);
INSERT INTO contrase(con_contrase,id_sistemasait,id_usuarios) VALUES('',1,7);	INSERT INTO contrase(con_contrase,id_sistemasait,id_usuarios) VALUES('',2,7);	INSERT INTO contrase(con_contrase,id_sistemasait,id_usuarios) VALUES('',3,7);	INSERT INTO contrase(con_contrase,id_sistemasait,id_usuarios) VALUES('',4,7);	INSERT INTO contrase(con_contrase,id_sistemasait,id_usuarios) VALUES('',5,7);	INSERT INTO contrase(con_contrase,id_sistemasait,id_usuarios) VALUES('',6,7);	INSERT INTO contrase(con_contrase,id_sistemasait,id_usuarios) VALUES('',7,7);
INSERT INTO contrase(con_contrase,id_sistemasait,id_usuarios) VALUES('',1,8);	INSERT INTO contrase(con_contrase,id_sistemasait,id_usuarios) VALUES('',2,8);	INSERT INTO contrase(con_contrase,id_sistemasait,id_usuarios) VALUES('',3,8);	INSERT INTO contrase(con_contrase,id_sistemasait,id_usuarios) VALUES('',4,8);	INSERT INTO contrase(con_contrase,id_sistemasait,id_usuarios) VALUES('',5,8);	INSERT INTO contrase(con_contrase,id_sistemasait,id_usuarios) VALUES('',6,8);	INSERT INTO contrase(con_contrase,id_sistemasait,id_usuarios) VALUES('',7,8);
INSERT INTO contrase(con_contrase,id_sistemasait,id_usuarios) VALUES('',1,9);	INSERT INTO contrase(con_contrase,id_sistemasait,id_usuarios) VALUES('',2,9);	INSERT INTO contrase(con_contrase,id_sistemasait,id_usuarios) VALUES('',3,9);	INSERT INTO contrase(con_contrase,id_sistemasait,id_usuarios) VALUES('',4,9);	INSERT INTO contrase(con_contrase,id_sistemasait,id_usuarios) VALUES('',5,9);	INSERT INTO contrase(con_contrase,id_sistemasait,id_usuarios) VALUES('',6,9);	INSERT INTO contrase(con_contrase,id_sistemasait,id_usuarios) VALUES('',7,9);
INSERT INTO contrase(con_contrase,id_sistemasait,id_usuarios) VALUES('',1,10);	INSERT INTO contrase(con_contrase,id_sistemasait,id_usuarios) VALUES('',2,10);	INSERT INTO contrase(con_contrase,id_sistemasait,id_usuarios) VALUES('',3,10);	INSERT INTO contrase(con_contrase,id_sistemasait,id_usuarios) VALUES('',4,10);	INSERT INTO contrase(con_contrase,id_sistemasait,id_usuarios) VALUES('',5,10);	INSERT INTO contrase(con_contrase,id_sistemasait,id_usuarios) VALUES('',6,10);	INSERT INTO contrase(con_contrase,id_sistemasait,id_usuarios) VALUES('',7,10);
INSERT INTO contrase(con_contrase,id_sistemasait,id_usuarios) VALUES('',1,11);	INSERT INTO contrase(con_contrase,id_sistemasait,id_usuarios) VALUES('',2,11);	INSERT INTO contrase(con_contrase,id_sistemasait,id_usuarios) VALUES('',3,11);	INSERT INTO contrase(con_contrase,id_sistemasait,id_usuarios) VALUES('',4,11);	INSERT INTO contrase(con_contrase,id_sistemasait,id_usuarios) VALUES('',5,11);	INSERT INTO contrase(con_contrase,id_sistemasait,id_usuarios) VALUES('',6,11);	INSERT INTO contrase(con_contrase,id_sistemasait,id_usuarios) VALUES('',7,11);
INSERT INTO contrase(con_contrase,id_sistemasait,id_usuarios) VALUES('',1,12);	INSERT INTO contrase(con_contrase,id_sistemasait,id_usuarios) VALUES('',2,12);	INSERT INTO contrase(con_contrase,id_sistemasait,id_usuarios) VALUES('',3,12);	INSERT INTO contrase(con_contrase,id_sistemasait,id_usuarios) VALUES('',4,12);	INSERT INTO contrase(con_contrase,id_sistemasait,id_usuarios) VALUES('',5,12);	INSERT INTO contrase(con_contrase,id_sistemasait,id_usuarios) VALUES('',6,12);	INSERT INTO contrase(con_contrase,id_sistemasait,id_usuarios) VALUES('',7,12);
INSERT INTO contrase(con_contrase,id_sistemasait,id_usuarios) VALUES('',1,13);	INSERT INTO contrase(con_contrase,id_sistemasait,id_usuarios) VALUES('',2,13);	INSERT INTO contrase(con_contrase,id_sistemasait,id_usuarios) VALUES('',3,13);	INSERT INTO contrase(con_contrase,id_sistemasait,id_usuarios) VALUES('',4,13);	INSERT INTO contrase(con_contrase,id_sistemasait,id_usuarios) VALUES('',5,13);	INSERT INTO contrase(con_contrase,id_sistemasait,id_usuarios) VALUES('',6,13);	INSERT INTO contrase(con_contrase,id_sistemasait,id_usuarios) VALUES('',7,13);
INSERT INTO contrase(con_contrase,id_sistemasait,id_usuarios) VALUES('',1,14);	INSERT INTO contrase(con_contrase,id_sistemasait,id_usuarios) VALUES('',2,14);	INSERT INTO contrase(con_contrase,id_sistemasait,id_usuarios) VALUES('',3,14);	INSERT INTO contrase(con_contrase,id_sistemasait,id_usuarios) VALUES('',4,14);	INSERT INTO contrase(con_contrase,id_sistemasait,id_usuarios) VALUES('',5,14);	INSERT INTO contrase(con_contrase,id_sistemasait,id_usuarios) VALUES('',6,14);	INSERT INTO contrase(con_contrase,id_sistemasait,id_usuarios) VALUES('',7,14);
INSERT INTO contrase(con_contrase,id_sistemasait,id_usuarios) VALUES('',1,15);	INSERT INTO contrase(con_contrase,id_sistemasait,id_usuarios) VALUES('',2,15);	INSERT INTO contrase(con_contrase,id_sistemasait,id_usuarios) VALUES('',3,15);	INSERT INTO contrase(con_contrase,id_sistemasait,id_usuarios) VALUES('',4,15);	INSERT INTO contrase(con_contrase,id_sistemasait,id_usuarios) VALUES('',5,15);	INSERT INTO contrase(con_contrase,id_sistemasait,id_usuarios) VALUES('',6,15);	INSERT INTO contrase(con_contrase,id_sistemasait,id_usuarios) VALUES('',7,15);
INSERT INTO contrase(con_contrase,id_sistemasait,id_usuarios) VALUES('',1,16);	INSERT INTO contrase(con_contrase,id_sistemasait,id_usuarios) VALUES('',2,16);	INSERT INTO contrase(con_contrase,id_sistemasait,id_usuarios) VALUES('',3,16);	INSERT INTO contrase(con_contrase,id_sistemasait,id_usuarios) VALUES('',4,16);	INSERT INTO contrase(con_contrase,id_sistemasait,id_usuarios) VALUES('',5,16);	INSERT INTO contrase(con_contrase,id_sistemasait,id_usuarios) VALUES('',6,16);	INSERT INTO contrase(con_contrase,id_sistemasait,id_usuarios) VALUES('',7,16);
INSERT INTO contrase(con_contrase,id_sistemasait,id_usuarios) VALUES('',1,17);	INSERT INTO contrase(con_contrase,id_sistemasait,id_usuarios) VALUES('',2,17);	INSERT INTO contrase(con_contrase,id_sistemasait,id_usuarios) VALUES('',3,17);	INSERT INTO contrase(con_contrase,id_sistemasait,id_usuarios) VALUES('',4,17);	INSERT INTO contrase(con_contrase,id_sistemasait,id_usuarios) VALUES('',5,17);	INSERT INTO contrase(con_contrase,id_sistemasait,id_usuarios) VALUES('',6,17);	INSERT INTO contrase(con_contrase,id_sistemasait,id_usuarios) VALUES('',7,17);
INSERT INTO contrase(con_contrase,id_sistemasait,id_usuarios) VALUES('',1,18);	INSERT INTO contrase(con_contrase,id_sistemasait,id_usuarios) VALUES('',2,18);	INSERT INTO contrase(con_contrase,id_sistemasait,id_usuarios) VALUES('',3,18);	INSERT INTO contrase(con_contrase,id_sistemasait,id_usuarios) VALUES('',4,18);	INSERT INTO contrase(con_contrase,id_sistemasait,id_usuarios) VALUES('',5,18);	INSERT INTO contrase(con_contrase,id_sistemasait,id_usuarios) VALUES('',6,18);	INSERT INTO contrase(con_contrase,id_sistemasait,id_usuarios) VALUES('',7,18);
INSERT INTO contrase(con_contrase,id_sistemasait,id_usuarios) VALUES('',1,19);	INSERT INTO contrase(con_contrase,id_sistemasait,id_usuarios) VALUES('',2,19);	INSERT INTO contrase(con_contrase,id_sistemasait,id_usuarios) VALUES('',3,19);	INSERT INTO contrase(con_contrase,id_sistemasait,id_usuarios) VALUES('',4,19);	INSERT INTO contrase(con_contrase,id_sistemasait,id_usuarios) VALUES('',5,19);	INSERT INTO contrase(con_contrase,id_sistemasait,id_usuarios) VALUES('',6,19);	INSERT INTO contrase(con_contrase,id_sistemasait,id_usuarios) VALUES('',7,19);
INSERT INTO contrase(con_contrase,id_sistemasait,id_usuarios) VALUES('',1,20);	INSERT INTO contrase(con_contrase,id_sistemasait,id_usuarios) VALUES('',2,20);	INSERT INTO contrase(con_contrase,id_sistemasait,id_usuarios) VALUES('',3,20);	INSERT INTO contrase(con_contrase,id_sistemasait,id_usuarios) VALUES('',4,20);	INSERT INTO contrase(con_contrase,id_sistemasait,id_usuarios) VALUES('',5,20);	INSERT INTO contrase(con_contrase,id_sistemasait,id_usuarios) VALUES('',6,20);	INSERT INTO contrase(con_contrase,id_sistemasait,id_usuarios) VALUES('',7,20);
INSERT INTO contrase(con_contrase,id_sistemasait,id_usuarios) VALUES('',1,21);	INSERT INTO contrase(con_contrase,id_sistemasait,id_usuarios) VALUES('',2,21);	INSERT INTO contrase(con_contrase,id_sistemasait,id_usuarios) VALUES('',3,21);	INSERT INTO contrase(con_contrase,id_sistemasait,id_usuarios) VALUES('',4,21);	INSERT INTO contrase(con_contrase,id_sistemasait,id_usuarios) VALUES('',5,21);	INSERT INTO contrase(con_contrase,id_sistemasait,id_usuarios) VALUES('',6,21);	INSERT INTO contrase(con_contrase,id_sistemasait,id_usuarios) VALUES('',7,21);
INSERT INTO contrase(con_contrase,id_sistemasait,id_usuarios) VALUES('',1,22);	INSERT INTO contrase(con_contrase,id_sistemasait,id_usuarios) VALUES('',2,22);	INSERT INTO contrase(con_contrase,id_sistemasait,id_usuarios) VALUES('',3,22);	INSERT INTO contrase(con_contrase,id_sistemasait,id_usuarios) VALUES('',4,22);	INSERT INTO contrase(con_contrase,id_sistemasait,id_usuarios) VALUES('',5,22);	INSERT INTO contrase(con_contrase,id_sistemasait,id_usuarios) VALUES('',6,22);	INSERT INTO contrase(con_contrase,id_sistemasait,id_usuarios) VALUES('',7,22);
INSERT INTO contrase(con_contrase,id_sistemasait,id_usuarios) VALUES('',1,23);	INSERT INTO contrase(con_contrase,id_sistemasait,id_usuarios) VALUES('',2,23);	INSERT INTO contrase(con_contrase,id_sistemasait,id_usuarios) VALUES('',3,23);	INSERT INTO contrase(con_contrase,id_sistemasait,id_usuarios) VALUES('',4,23);	INSERT INTO contrase(con_contrase,id_sistemasait,id_usuarios) VALUES('',5,23);	INSERT INTO contrase(con_contrase,id_sistemasait,id_usuarios) VALUES('',6,23);	INSERT INTO contrase(con_contrase,id_sistemasait,id_usuarios) VALUES('',7,23);
INSERT INTO contrase(con_contrase,id_sistemasait,id_usuarios) VALUES('',1,24);	INSERT INTO contrase(con_contrase,id_sistemasait,id_usuarios) VALUES('',2,24);	INSERT INTO contrase(con_contrase,id_sistemasait,id_usuarios) VALUES('',3,24);	INSERT INTO contrase(con_contrase,id_sistemasait,id_usuarios) VALUES('',4,24);	INSERT INTO contrase(con_contrase,id_sistemasait,id_usuarios) VALUES('',5,24);	INSERT INTO contrase(con_contrase,id_sistemasait,id_usuarios) VALUES('',6,24);	INSERT INTO contrase(con_contrase,id_sistemasait,id_usuarios) VALUES('',7,24);
INSERT INTO contrase(con_contrase,id_sistemasait,id_usuarios) VALUES('',1,25);	INSERT INTO contrase(con_contrase,id_sistemasait,id_usuarios) VALUES('',2,25);	INSERT INTO contrase(con_contrase,id_sistemasait,id_usuarios) VALUES('',3,25);	INSERT INTO contrase(con_contrase,id_sistemasait,id_usuarios) VALUES('',4,25);	INSERT INTO contrase(con_contrase,id_sistemasait,id_usuarios) VALUES('',5,25);	INSERT INTO contrase(con_contrase,id_sistemasait,id_usuarios) VALUES('',6,25);	INSERT INTO contrase(con_contrase,id_sistemasait,id_usuarios) VALUES('',7,25);
INSERT INTO contrase(con_contrase,id_sistemasait,id_usuarios) VALUES('',1,26);	INSERT INTO contrase(con_contrase,id_sistemasait,id_usuarios) VALUES('',2,26);	INSERT INTO contrase(con_contrase,id_sistemasait,id_usuarios) VALUES('',3,26);	INSERT INTO contrase(con_contrase,id_sistemasait,id_usuarios) VALUES('',4,26);	INSERT INTO contrase(con_contrase,id_sistemasait,id_usuarios) VALUES('',5,26);	INSERT INTO contrase(con_contrase,id_sistemasait,id_usuarios) VALUES('',6,26);	INSERT INTO contrase(con_contrase,id_sistemasait,id_usuarios) VALUES('',7,26);
INSERT INTO contrase(con_contrase,id_sistemasait,id_usuarios) VALUES('',1,27);	INSERT INTO contrase(con_contrase,id_sistemasait,id_usuarios) VALUES('',2,27);	INSERT INTO contrase(con_contrase,id_sistemasait,id_usuarios) VALUES('',3,27);	INSERT INTO contrase(con_contrase,id_sistemasait,id_usuarios) VALUES('',4,27);	INSERT INTO contrase(con_contrase,id_sistemasait,id_usuarios) VALUES('',5,27);	INSERT INTO contrase(con_contrase,id_sistemasait,id_usuarios) VALUES('',6,27);	INSERT INTO contrase(con_contrase,id_sistemasait,id_usuarios) VALUES('',7,27);
INSERT INTO contrase(con_contrase,id_sistemasait,id_usuarios) VALUES('',1,28);	INSERT INTO contrase(con_contrase,id_sistemasait,id_usuarios) VALUES('',2,28);	INSERT INTO contrase(con_contrase,id_sistemasait,id_usuarios) VALUES('',3,28);	INSERT INTO contrase(con_contrase,id_sistemasait,id_usuarios) VALUES('',4,28);	INSERT INTO contrase(con_contrase,id_sistemasait,id_usuarios) VALUES('',5,28);	INSERT INTO contrase(con_contrase,id_sistemasait,id_usuarios) VALUES('',6,28);	INSERT INTO contrase(con_contrase,id_sistemasait,id_usuarios) VALUES('',7,28);
INSERT INTO contrase(con_contrase,id_sistemasait,id_usuarios) VALUES('',1,29);	INSERT INTO contrase(con_contrase,id_sistemasait,id_usuarios) VALUES('',2,29);	INSERT INTO contrase(con_contrase,id_sistemasait,id_usuarios) VALUES('',3,29);	INSERT INTO contrase(con_contrase,id_sistemasait,id_usuarios) VALUES('',4,29);	INSERT INTO contrase(con_contrase,id_sistemasait,id_usuarios) VALUES('',5,29);	INSERT INTO contrase(con_contrase,id_sistemasait,id_usuarios) VALUES('',6,29);	INSERT INTO contrase(con_contrase,id_sistemasait,id_usuarios) VALUES('',7,29);
INSERT INTO contrase(con_contrase,id_sistemasait,id_usuarios) VALUES('',1,30);	INSERT INTO contrase(con_contrase,id_sistemasait,id_usuarios) VALUES('',2,30);	INSERT INTO contrase(con_contrase,id_sistemasait,id_usuarios) VALUES('',3,30);	INSERT INTO contrase(con_contrase,id_sistemasait,id_usuarios) VALUES('',4,30);	INSERT INTO contrase(con_contrase,id_sistemasait,id_usuarios) VALUES('',5,30);	INSERT INTO contrase(con_contrase,id_sistemasait,id_usuarios) VALUES('',6,30);	INSERT INTO contrase(con_contrase,id_sistemasait,id_usuarios) VALUES('',7,30);
INSERT INTO contrase(con_contrase,id_sistemasait,id_usuarios) VALUES('',1,31);	INSERT INTO contrase(con_contrase,id_sistemasait,id_usuarios) VALUES('',2,31);	INSERT INTO contrase(con_contrase,id_sistemasait,id_usuarios) VALUES('',3,31);	INSERT INTO contrase(con_contrase,id_sistemasait,id_usuarios) VALUES('',4,31);	INSERT INTO contrase(con_contrase,id_sistemasait,id_usuarios) VALUES('',5,31);	INSERT INTO contrase(con_contrase,id_sistemasait,id_usuarios) VALUES('',6,31);	INSERT INTO contrase(con_contrase,id_sistemasait,id_usuarios) VALUES('',7,31);
INSERT INTO contrase(con_contrase,id_sistemasait,id_usuarios) VALUES('',1,32);	INSERT INTO contrase(con_contrase,id_sistemasait,id_usuarios) VALUES('',2,32);	INSERT INTO contrase(con_contrase,id_sistemasait,id_usuarios) VALUES('',3,32);	INSERT INTO contrase(con_contrase,id_sistemasait,id_usuarios) VALUES('',4,32);	INSERT INTO contrase(con_contrase,id_sistemasait,id_usuarios) VALUES('',5,32);	INSERT INTO contrase(con_contrase,id_sistemasait,id_usuarios) VALUES('',6,32);	INSERT INTO contrase(con_contrase,id_sistemasait,id_usuarios) VALUES('',7,32);
INSERT INTO contrase(con_contrase,id_sistemasait,id_usuarios) VALUES('',1,33);	INSERT INTO contrase(con_contrase,id_sistemasait,id_usuarios) VALUES('',2,33);	INSERT INTO contrase(con_contrase,id_sistemasait,id_usuarios) VALUES('',3,33);	INSERT INTO contrase(con_contrase,id_sistemasait,id_usuarios) VALUES('',4,33);	INSERT INTO contrase(con_contrase,id_sistemasait,id_usuarios) VALUES('',5,33);	INSERT INTO contrase(con_contrase,id_sistemasait,id_usuarios) VALUES('',6,33);	INSERT INTO contrase(con_contrase,id_sistemasait,id_usuarios) VALUES('',7,33);
INSERT INTO contrase(con_contrase,id_sistemasait,id_usuarios) VALUES('',1,34);	INSERT INTO contrase(con_contrase,id_sistemasait,id_usuarios) VALUES('',2,34);	INSERT INTO contrase(con_contrase,id_sistemasait,id_usuarios) VALUES('',3,34);	INSERT INTO contrase(con_contrase,id_sistemasait,id_usuarios) VALUES('',4,34);	INSERT INTO contrase(con_contrase,id_sistemasait,id_usuarios) VALUES('',5,34);	INSERT INTO contrase(con_contrase,id_sistemasait,id_usuarios) VALUES('',6,34);	INSERT INTO contrase(con_contrase,id_sistemasait,id_usuarios) VALUES('',7,34);
INSERT INTO contrase(con_contrase,id_sistemasait,id_usuarios) VALUES('',1,35);	INSERT INTO contrase(con_contrase,id_sistemasait,id_usuarios) VALUES('',2,35);	INSERT INTO contrase(con_contrase,id_sistemasait,id_usuarios) VALUES('',3,35);	INSERT INTO contrase(con_contrase,id_sistemasait,id_usuarios) VALUES('',4,35);	INSERT INTO contrase(con_contrase,id_sistemasait,id_usuarios) VALUES('',5,35);	INSERT INTO contrase(con_contrase,id_sistemasait,id_usuarios) VALUES('',6,35);	INSERT INTO contrase(con_contrase,id_sistemasait,id_usuarios) VALUES('',7,35);
INSERT INTO contrase(con_contrase,id_sistemasait,id_usuarios) VALUES('',1,36);	INSERT INTO contrase(con_contrase,id_sistemasait,id_usuarios) VALUES('',2,36);	INSERT INTO contrase(con_contrase,id_sistemasait,id_usuarios) VALUES('',3,36);	INSERT INTO contrase(con_contrase,id_sistemasait,id_usuarios) VALUES('',4,36);	INSERT INTO contrase(con_contrase,id_sistemasait,id_usuarios) VALUES('',5,36);	INSERT INTO contrase(con_contrase,id_sistemasait,id_usuarios) VALUES('',6,36);	INSERT INTO contrase(con_contrase,id_sistemasait,id_usuarios) VALUES('',7,36);
INSERT INTO contrase(con_contrase,id_sistemasait,id_usuarios) VALUES('',1,37);	INSERT INTO contrase(con_contrase,id_sistemasait,id_usuarios) VALUES('',2,37);	INSERT INTO contrase(con_contrase,id_sistemasait,id_usuarios) VALUES('',3,37);	INSERT INTO contrase(con_contrase,id_sistemasait,id_usuarios) VALUES('',4,37);	INSERT INTO contrase(con_contrase,id_sistemasait,id_usuarios) VALUES('',5,37);	INSERT INTO contrase(con_contrase,id_sistemasait,id_usuarios) VALUES('',6,37);	INSERT INTO contrase(con_contrase,id_sistemasait,id_usuarios) VALUES('',7,37);
INSERT INTO contrase(con_contrase,id_sistemasait,id_usuarios) VALUES('',1,38);	INSERT INTO contrase(con_contrase,id_sistemasait,id_usuarios) VALUES('',2,38);	INSERT INTO contrase(con_contrase,id_sistemasait,id_usuarios) VALUES('',3,38);	INSERT INTO contrase(con_contrase,id_sistemasait,id_usuarios) VALUES('',4,38);	INSERT INTO contrase(con_contrase,id_sistemasait,id_usuarios) VALUES('',5,38);	INSERT INTO contrase(con_contrase,id_sistemasait,id_usuarios) VALUES('',6,38);	INSERT INTO contrase(con_contrase,id_sistemasait,id_usuarios) VALUES('',7,38);
INSERT INTO contrase(con_contrase,id_sistemasait,id_usuarios) VALUES('',1,39);	INSERT INTO contrase(con_contrase,id_sistemasait,id_usuarios) VALUES('',2,39);	INSERT INTO contrase(con_contrase,id_sistemasait,id_usuarios) VALUES('',3,39);	INSERT INTO contrase(con_contrase,id_sistemasait,id_usuarios) VALUES('',4,39);	INSERT INTO contrase(con_contrase,id_sistemasait,id_usuarios) VALUES('',5,39);	INSERT INTO contrase(con_contrase,id_sistemasait,id_usuarios) VALUES('',6,39);	INSERT INTO contrase(con_contrase,id_sistemasait,id_usuarios) VALUES('',7,39);
INSERT INTO contrase(con_contrase,id_sistemasait,id_usuarios) VALUES('',1,40);	INSERT INTO contrase(con_contrase,id_sistemasait,id_usuarios) VALUES('',2,40);	INSERT INTO contrase(con_contrase,id_sistemasait,id_usuarios) VALUES('',3,40);	INSERT INTO contrase(con_contrase,id_sistemasait,id_usuarios) VALUES('',4,40);	INSERT INTO contrase(con_contrase,id_sistemasait,id_usuarios) VALUES('',5,40);	INSERT INTO contrase(con_contrase,id_sistemasait,id_usuarios) VALUES('',6,40);	INSERT INTO contrase(con_contrase,id_sistemasait,id_usuarios) VALUES('',7,40);
INSERT INTO contrase(con_contrase,id_sistemasait,id_usuarios) VALUES('',1,41);	INSERT INTO contrase(con_contrase,id_sistemasait,id_usuarios) VALUES('',2,41);	INSERT INTO contrase(con_contrase,id_sistemasait,id_usuarios) VALUES('',3,41);	INSERT INTO contrase(con_contrase,id_sistemasait,id_usuarios) VALUES('',4,41);	INSERT INTO contrase(con_contrase,id_sistemasait,id_usuarios) VALUES('',5,41);	INSERT INTO contrase(con_contrase,id_sistemasait,id_usuarios) VALUES('',6,41);	INSERT INTO contrase(con_contrase,id_sistemasait,id_usuarios) VALUES('',7,41);
INSERT INTO contrase(con_contrase,id_sistemasait,id_usuarios) VALUES('',1,42);	INSERT INTO contrase(con_contrase,id_sistemasait,id_usuarios) VALUES('',2,42);	INSERT INTO contrase(con_contrase,id_sistemasait,id_usuarios) VALUES('',3,42);	INSERT INTO contrase(con_contrase,id_sistemasait,id_usuarios) VALUES('',4,42);	INSERT INTO contrase(con_contrase,id_sistemasait,id_usuarios) VALUES('',5,42);	INSERT INTO contrase(con_contrase,id_sistemasait,id_usuarios) VALUES('',6,42);	INSERT INTO contrase(con_contrase,id_sistemasait,id_usuarios) VALUES('',7,42);
INSERT INTO contrase(con_contrase,id_sistemasait,id_usuarios) VALUES('',1,43);	INSERT INTO contrase(con_contrase,id_sistemasait,id_usuarios) VALUES('',2,43);	INSERT INTO contrase(con_contrase,id_sistemasait,id_usuarios) VALUES('',3,43);	INSERT INTO contrase(con_contrase,id_sistemasait,id_usuarios) VALUES('',4,43);	INSERT INTO contrase(con_contrase,id_sistemasait,id_usuarios) VALUES('',5,43);	INSERT INTO contrase(con_contrase,id_sistemasait,id_usuarios) VALUES('',6,43);	INSERT INTO contrase(con_contrase,id_sistemasait,id_usuarios) VALUES('',7,43);
INSERT INTO contrase(con_contrase,id_sistemasait,id_usuarios) VALUES('',1,44);	INSERT INTO contrase(con_contrase,id_sistemasait,id_usuarios) VALUES('',2,44);	INSERT INTO contrase(con_contrase,id_sistemasait,id_usuarios) VALUES('',3,44);	INSERT INTO contrase(con_contrase,id_sistemasait,id_usuarios) VALUES('',4,44);	INSERT INTO contrase(con_contrase,id_sistemasait,id_usuarios) VALUES('',5,44);	INSERT INTO contrase(con_contrase,id_sistemasait,id_usuarios) VALUES('',6,44);	INSERT INTO contrase(con_contrase,id_sistemasait,id_usuarios) VALUES('',7,44);
INSERT INTO contrase(con_contrase,id_sistemasait,id_usuarios) VALUES('',1,45);	INSERT INTO contrase(con_contrase,id_sistemasait,id_usuarios) VALUES('',2,45);	INSERT INTO contrase(con_contrase,id_sistemasait,id_usuarios) VALUES('',3,45);	INSERT INTO contrase(con_contrase,id_sistemasait,id_usuarios) VALUES('',4,45);	INSERT INTO contrase(con_contrase,id_sistemasait,id_usuarios) VALUES('',5,45);	INSERT INTO contrase(con_contrase,id_sistemasait,id_usuarios) VALUES('',6,45);	INSERT INTO contrase(con_contrase,id_sistemasait,id_usuarios) VALUES('',7,45);
INSERT INTO contrase(con_contrase,id_sistemasait,id_usuarios) VALUES('',1,46);	INSERT INTO contrase(con_contrase,id_sistemasait,id_usuarios) VALUES('',2,46);	INSERT INTO contrase(con_contrase,id_sistemasait,id_usuarios) VALUES('',3,46);	INSERT INTO contrase(con_contrase,id_sistemasait,id_usuarios) VALUES('',4,46);	INSERT INTO contrase(con_contrase,id_sistemasait,id_usuarios) VALUES('',5,46);	INSERT INTO contrase(con_contrase,id_sistemasait,id_usuarios) VALUES('',6,46);	INSERT INTO contrase(con_contrase,id_sistemasait,id_usuarios) VALUES('',7,46);
INSERT INTO contrase(con_contrase,id_sistemasait,id_usuarios) VALUES('',1,47);	INSERT INTO contrase(con_contrase,id_sistemasait,id_usuarios) VALUES('',2,47);	INSERT INTO contrase(con_contrase,id_sistemasait,id_usuarios) VALUES('',3,47);	INSERT INTO contrase(con_contrase,id_sistemasait,id_usuarios) VALUES('',4,47);	INSERT INTO contrase(con_contrase,id_sistemasait,id_usuarios) VALUES('',5,47);	INSERT INTO contrase(con_contrase,id_sistemasait,id_usuarios) VALUES('',6,47);	INSERT INTO contrase(con_contrase,id_sistemasait,id_usuarios) VALUES('',7,47);
INSERT INTO contrase(con_contrase,id_sistemasait,id_usuarios) VALUES('',1,48);	INSERT INTO contrase(con_contrase,id_sistemasait,id_usuarios) VALUES('',2,48);	INSERT INTO contrase(con_contrase,id_sistemasait,id_usuarios) VALUES('',3,48);	INSERT INTO contrase(con_contrase,id_sistemasait,id_usuarios) VALUES('',4,48);	INSERT INTO contrase(con_contrase,id_sistemasait,id_usuarios) VALUES('',5,48);	INSERT INTO contrase(con_contrase,id_sistemasait,id_usuarios) VALUES('',6,48);	INSERT INTO contrase(con_contrase,id_sistemasait,id_usuarios) VALUES('',7,48);
INSERT INTO contrase(con_contrase,id_sistemasait,id_usuarios) VALUES('',1,49);	INSERT INTO contrase(con_contrase,id_sistemasait,id_usuarios) VALUES('',2,49);	INSERT INTO contrase(con_contrase,id_sistemasait,id_usuarios) VALUES('',3,49);	INSERT INTO contrase(con_contrase,id_sistemasait,id_usuarios) VALUES('',4,49);	INSERT INTO contrase(con_contrase,id_sistemasait,id_usuarios) VALUES('',5,49);	INSERT INTO contrase(con_contrase,id_sistemasait,id_usuarios) VALUES('',6,49);	INSERT INTO contrase(con_contrase,id_sistemasait,id_usuarios) VALUES('',7,49);
INSERT INTO contrase(con_contrase,id_sistemasait,id_usuarios) VALUES('',1,50);	INSERT INTO contrase(con_contrase,id_sistemasait,id_usuarios) VALUES('',2,50);	INSERT INTO contrase(con_contrase,id_sistemasait,id_usuarios) VALUES('',3,50);	INSERT INTO contrase(con_contrase,id_sistemasait,id_usuarios) VALUES('',4,50);	INSERT INTO contrase(con_contrase,id_sistemasait,id_usuarios) VALUES('',5,50);	INSERT INTO contrase(con_contrase,id_sistemasait,id_usuarios) VALUES('',6,50);	INSERT INTO contrase(con_contrase,id_sistemasait,id_usuarios) VALUES('',7,50);
INSERT INTO contrase(con_contrase,id_sistemasait,id_usuarios) VALUES('',1,51);	INSERT INTO contrase(con_contrase,id_sistemasait,id_usuarios) VALUES('',2,51);	INSERT INTO contrase(con_contrase,id_sistemasait,id_usuarios) VALUES('',3,51);	INSERT INTO contrase(con_contrase,id_sistemasait,id_usuarios) VALUES('',4,51);	INSERT INTO contrase(con_contrase,id_sistemasait,id_usuarios) VALUES('',5,51);	INSERT INTO contrase(con_contrase,id_sistemasait,id_usuarios) VALUES('',6,51);	INSERT INTO contrase(con_contrase,id_sistemasait,id_usuarios) VALUES('',7,51);
INSERT INTO contrase(con_contrase,id_sistemasait,id_usuarios) VALUES('',1,52);	INSERT INTO contrase(con_contrase,id_sistemasait,id_usuarios) VALUES('',2,52);	INSERT INTO contrase(con_contrase,id_sistemasait,id_usuarios) VALUES('',3,52);	INSERT INTO contrase(con_contrase,id_sistemasait,id_usuarios) VALUES('',4,52);	INSERT INTO contrase(con_contrase,id_sistemasait,id_usuarios) VALUES('',5,52);	INSERT INTO contrase(con_contrase,id_sistemasait,id_usuarios) VALUES('',6,52);	INSERT INTO contrase(con_contrase,id_sistemasait,id_usuarios) VALUES('',7,52);
INSERT INTO contrase(con_contrase,id_sistemasait,id_usuarios) VALUES('',1,53);	INSERT INTO contrase(con_contrase,id_sistemasait,id_usuarios) VALUES('',2,53);	INSERT INTO contrase(con_contrase,id_sistemasait,id_usuarios) VALUES('',3,53);	INSERT INTO contrase(con_contrase,id_sistemasait,id_usuarios) VALUES('',4,53);	INSERT INTO contrase(con_contrase,id_sistemasait,id_usuarios) VALUES('',5,53);	INSERT INTO contrase(con_contrase,id_sistemasait,id_usuarios) VALUES('',6,53);	INSERT INTO contrase(con_contrase,id_sistemasait,id_usuarios) VALUES('',7,53);
INSERT INTO contrase(con_contrase,id_sistemasait,id_usuarios) VALUES('',1,54);	INSERT INTO contrase(con_contrase,id_sistemasait,id_usuarios) VALUES('',2,54);	INSERT INTO contrase(con_contrase,id_sistemasait,id_usuarios) VALUES('',3,54);	INSERT INTO contrase(con_contrase,id_sistemasait,id_usuarios) VALUES('',4,54);	INSERT INTO contrase(con_contrase,id_sistemasait,id_usuarios) VALUES('',5,54);	INSERT INTO contrase(con_contrase,id_sistemasait,id_usuarios) VALUES('',6,54);	INSERT INTO contrase(con_contrase,id_sistemasait,id_usuarios) VALUES('',7,54);
INSERT INTO contrase(con_contrase,id_sistemasait,id_usuarios) VALUES('',1,55);	INSERT INTO contrase(con_contrase,id_sistemasait,id_usuarios) VALUES('',2,55);	INSERT INTO contrase(con_contrase,id_sistemasait,id_usuarios) VALUES('',3,55);	INSERT INTO contrase(con_contrase,id_sistemasait,id_usuarios) VALUES('',4,55);	INSERT INTO contrase(con_contrase,id_sistemasait,id_usuarios) VALUES('',5,55);	INSERT INTO contrase(con_contrase,id_sistemasait,id_usuarios) VALUES('',6,55);	INSERT INTO contrase(con_contrase,id_sistemasait,id_usuarios) VALUES('',7,55);
INSERT INTO contrase(con_contrase,id_sistemasait,id_usuarios) VALUES('',1,56);	INSERT INTO contrase(con_contrase,id_sistemasait,id_usuarios) VALUES('',2,56);	INSERT INTO contrase(con_contrase,id_sistemasait,id_usuarios) VALUES('',3,56);	INSERT INTO contrase(con_contrase,id_sistemasait,id_usuarios) VALUES('',4,56);	INSERT INTO contrase(con_contrase,id_sistemasait,id_usuarios) VALUES('',5,56);	INSERT INTO contrase(con_contrase,id_sistemasait,id_usuarios) VALUES('',6,56);	INSERT INTO contrase(con_contrase,id_sistemasait,id_usuarios) VALUES('',7,56);
INSERT INTO contrase(con_contrase,id_sistemasait,id_usuarios) VALUES('',1,57);	INSERT INTO contrase(con_contrase,id_sistemasait,id_usuarios) VALUES('',2,57);	INSERT INTO contrase(con_contrase,id_sistemasait,id_usuarios) VALUES('',3,57);	INSERT INTO contrase(con_contrase,id_sistemasait,id_usuarios) VALUES('',4,57);	INSERT INTO contrase(con_contrase,id_sistemasait,id_usuarios) VALUES('',5,57);	INSERT INTO contrase(con_contrase,id_sistemasait,id_usuarios) VALUES('',6,57);	INSERT INTO contrase(con_contrase,id_sistemasait,id_usuarios) VALUES('',7,57);
INSERT INTO contrase(con_contrase,id_sistemasait,id_usuarios) VALUES('',1,58);	INSERT INTO contrase(con_contrase,id_sistemasait,id_usuarios) VALUES('',2,58);	INSERT INTO contrase(con_contrase,id_sistemasait,id_usuarios) VALUES('',3,58);	INSERT INTO contrase(con_contrase,id_sistemasait,id_usuarios) VALUES('',4,58);	INSERT INTO contrase(con_contrase,id_sistemasait,id_usuarios) VALUES('',5,58);	INSERT INTO contrase(con_contrase,id_sistemasait,id_usuarios) VALUES('',6,58);	INSERT INTO contrase(con_contrase,id_sistemasait,id_usuarios) VALUES('',7,58);
INSERT INTO contrase(con_contrase,id_sistemasait,id_usuarios) VALUES('',1,59);	INSERT INTO contrase(con_contrase,id_sistemasait,id_usuarios) VALUES('',2,59);	INSERT INTO contrase(con_contrase,id_sistemasait,id_usuarios) VALUES('',3,59);	INSERT INTO contrase(con_contrase,id_sistemasait,id_usuarios) VALUES('',4,59);	INSERT INTO contrase(con_contrase,id_sistemasait,id_usuarios) VALUES('',5,59);	INSERT INTO contrase(con_contrase,id_sistemasait,id_usuarios) VALUES('',6,59);	INSERT INTO contrase(con_contrase,id_sistemasait,id_usuarios) VALUES('',7,59);
INSERT INTO contrase(con_contrase,id_sistemasait,id_usuarios) VALUES('',1,60);	INSERT INTO contrase(con_contrase,id_sistemasait,id_usuarios) VALUES('',2,60);	INSERT INTO contrase(con_contrase,id_sistemasait,id_usuarios) VALUES('',3,60);	INSERT INTO contrase(con_contrase,id_sistemasait,id_usuarios) VALUES('',4,60);	INSERT INTO contrase(con_contrase,id_sistemasait,id_usuarios) VALUES('',5,60);	INSERT INTO contrase(con_contrase,id_sistemasait,id_usuarios) VALUES('',6,60);	INSERT INTO contrase(con_contrase,id_sistemasait,id_usuarios) VALUES('',7,60);
INSERT INTO contrase(con_contrase,id_sistemasait,id_usuarios) VALUES('',1,61);	INSERT INTO contrase(con_contrase,id_sistemasait,id_usuarios) VALUES('',2,61);	INSERT INTO contrase(con_contrase,id_sistemasait,id_usuarios) VALUES('',3,61);	INSERT INTO contrase(con_contrase,id_sistemasait,id_usuarios) VALUES('',4,61);	INSERT INTO contrase(con_contrase,id_sistemasait,id_usuarios) VALUES('',5,61);	INSERT INTO contrase(con_contrase,id_sistemasait,id_usuarios) VALUES('',6,61);	INSERT INTO contrase(con_contrase,id_sistemasait,id_usuarios) VALUES('',7,61);
INSERT INTO contrase(con_contrase,id_sistemasait,id_usuarios) VALUES('',1,62);	INSERT INTO contrase(con_contrase,id_sistemasait,id_usuarios) VALUES('',2,62);	INSERT INTO contrase(con_contrase,id_sistemasait,id_usuarios) VALUES('',3,62);	INSERT INTO contrase(con_contrase,id_sistemasait,id_usuarios) VALUES('',4,62);	INSERT INTO contrase(con_contrase,id_sistemasait,id_usuarios) VALUES('',5,62);	INSERT INTO contrase(con_contrase,id_sistemasait,id_usuarios) VALUES('',6,62);	INSERT INTO contrase(con_contrase,id_sistemasait,id_usuarios) VALUES('',7,62);
INSERT INTO contrase(con_contrase,id_sistemasait,id_usuarios) VALUES('',1,63);	INSERT INTO contrase(con_contrase,id_sistemasait,id_usuarios) VALUES('',2,63);	INSERT INTO contrase(con_contrase,id_sistemasait,id_usuarios) VALUES('',3,63);	INSERT INTO contrase(con_contrase,id_sistemasait,id_usuarios) VALUES('',4,63);	INSERT INTO contrase(con_contrase,id_sistemasait,id_usuarios) VALUES('',5,63);	INSERT INTO contrase(con_contrase,id_sistemasait,id_usuarios) VALUES('',6,63);	INSERT INTO contrase(con_contrase,id_sistemasait,id_usuarios) VALUES('',7,63);
INSERT INTO contrase(con_contrase,id_sistemasait,id_usuarios) VALUES('',1,64);	INSERT INTO contrase(con_contrase,id_sistemasait,id_usuarios) VALUES('',2,64);	INSERT INTO contrase(con_contrase,id_sistemasait,id_usuarios) VALUES('',3,64);	INSERT INTO contrase(con_contrase,id_sistemasait,id_usuarios) VALUES('',4,64);	INSERT INTO contrase(con_contrase,id_sistemasait,id_usuarios) VALUES('',5,64);	INSERT INTO contrase(con_contrase,id_sistemasait,id_usuarios) VALUES('',6,64);	INSERT INTO contrase(con_contrase,id_sistemasait,id_usuarios) VALUES('',7,64);
INSERT INTO contrase(con_contrase,id_sistemasait,id_usuarios) VALUES('',1,65);	INSERT INTO contrase(con_contrase,id_sistemasait,id_usuarios) VALUES('',2,65);	INSERT INTO contrase(con_contrase,id_sistemasait,id_usuarios) VALUES('',3,65);	INSERT INTO contrase(con_contrase,id_sistemasait,id_usuarios) VALUES('',4,65);	INSERT INTO contrase(con_contrase,id_sistemasait,id_usuarios) VALUES('',5,65);	INSERT INTO contrase(con_contrase,id_sistemasait,id_usuarios) VALUES('',6,65);	INSERT INTO contrase(con_contrase,id_sistemasait,id_usuarios) VALUES('',7,65);
INSERT INTO contrase(con_contrase,id_sistemasait,id_usuarios) VALUES('',1,66);	INSERT INTO contrase(con_contrase,id_sistemasait,id_usuarios) VALUES('',2,66);	INSERT INTO contrase(con_contrase,id_sistemasait,id_usuarios) VALUES('',3,66);	INSERT INTO contrase(con_contrase,id_sistemasait,id_usuarios) VALUES('',4,66);	INSERT INTO contrase(con_contrase,id_sistemasait,id_usuarios) VALUES('',5,66);	INSERT INTO contrase(con_contrase,id_sistemasait,id_usuarios) VALUES('',6,66);	INSERT INTO contrase(con_contrase,id_sistemasait,id_usuarios) VALUES('',7,66);
INSERT INTO contrase(con_contrase,id_sistemasait,id_usuarios) VALUES('',1,67);	INSERT INTO contrase(con_contrase,id_sistemasait,id_usuarios) VALUES('',2,67);	INSERT INTO contrase(con_contrase,id_sistemasait,id_usuarios) VALUES('',3,67);	INSERT INTO contrase(con_contrase,id_sistemasait,id_usuarios) VALUES('',4,67);	INSERT INTO contrase(con_contrase,id_sistemasait,id_usuarios) VALUES('',5,67);	INSERT INTO contrase(con_contrase,id_sistemasait,id_usuarios) VALUES('',6,67);	INSERT INTO contrase(con_contrase,id_sistemasait,id_usuarios) VALUES('',7,67);
INSERT INTO contrase(con_contrase,id_sistemasait,id_usuarios) VALUES('',1,68);	INSERT INTO contrase(con_contrase,id_sistemasait,id_usuarios) VALUES('',2,68);	INSERT INTO contrase(con_contrase,id_sistemasait,id_usuarios) VALUES('',3,68);	INSERT INTO contrase(con_contrase,id_sistemasait,id_usuarios) VALUES('',4,68);	INSERT INTO contrase(con_contrase,id_sistemasait,id_usuarios) VALUES('',5,68);	INSERT INTO contrase(con_contrase,id_sistemasait,id_usuarios) VALUES('',6,68);	INSERT INTO contrase(con_contrase,id_sistemasait,id_usuarios) VALUES('',7,68);
INSERT INTO contrase(con_contrase,id_sistemasait,id_usuarios) VALUES('',1,69);	INSERT INTO contrase(con_contrase,id_sistemasait,id_usuarios) VALUES('',2,69);	INSERT INTO contrase(con_contrase,id_sistemasait,id_usuarios) VALUES('',3,69);	INSERT INTO contrase(con_contrase,id_sistemasait,id_usuarios) VALUES('',4,69);	INSERT INTO contrase(con_contrase,id_sistemasait,id_usuarios) VALUES('',5,69);	INSERT INTO contrase(con_contrase,id_sistemasait,id_usuarios) VALUES('',6,69);	INSERT INTO contrase(con_contrase,id_sistemasait,id_usuarios) VALUES('',7,69);
INSERT INTO contrase(con_contrase,id_sistemasait,id_usuarios) VALUES('',1,70);	INSERT INTO contrase(con_contrase,id_sistemasait,id_usuarios) VALUES('',2,70);	INSERT INTO contrase(con_contrase,id_sistemasait,id_usuarios) VALUES('',3,70);	INSERT INTO contrase(con_contrase,id_sistemasait,id_usuarios) VALUES('',4,70);	INSERT INTO contrase(con_contrase,id_sistemasait,id_usuarios) VALUES('',5,70);	INSERT INTO contrase(con_contrase,id_sistemasait,id_usuarios) VALUES('',6,70);	INSERT INTO contrase(con_contrase,id_sistemasait,id_usuarios) VALUES('',7,70);
INSERT INTO contrase(con_contrase,id_sistemasait,id_usuarios) VALUES('',1,71);	INSERT INTO contrase(con_contrase,id_sistemasait,id_usuarios) VALUES('',2,71);	INSERT INTO contrase(con_contrase,id_sistemasait,id_usuarios) VALUES('',3,71);	INSERT INTO contrase(con_contrase,id_sistemasait,id_usuarios) VALUES('',4,71);	INSERT INTO contrase(con_contrase,id_sistemasait,id_usuarios) VALUES('',5,71);	INSERT INTO contrase(con_contrase,id_sistemasait,id_usuarios) VALUES('',6,71);	INSERT INTO contrase(con_contrase,id_sistemasait,id_usuarios) VALUES('',7,71);
INSERT INTO contrase(con_contrase,id_sistemasait,id_usuarios) VALUES('',1,72);	INSERT INTO contrase(con_contrase,id_sistemasait,id_usuarios) VALUES('',2,72);	INSERT INTO contrase(con_contrase,id_sistemasait,id_usuarios) VALUES('',3,72);	INSERT INTO contrase(con_contrase,id_sistemasait,id_usuarios) VALUES('',4,72);	INSERT INTO contrase(con_contrase,id_sistemasait,id_usuarios) VALUES('',5,72);	INSERT INTO contrase(con_contrase,id_sistemasait,id_usuarios) VALUES('',6,72);	INSERT INTO contrase(con_contrase,id_sistemasait,id_usuarios) VALUES('',7,72);
INSERT INTO contrase(con_contrase,id_sistemasait,id_usuarios) VALUES('',1,73);	INSERT INTO contrase(con_contrase,id_sistemasait,id_usuarios) VALUES('',2,73);	INSERT INTO contrase(con_contrase,id_sistemasait,id_usuarios) VALUES('',3,73);	INSERT INTO contrase(con_contrase,id_sistemasait,id_usuarios) VALUES('',4,73);	INSERT INTO contrase(con_contrase,id_sistemasait,id_usuarios) VALUES('',5,73);	INSERT INTO contrase(con_contrase,id_sistemasait,id_usuarios) VALUES('',6,73);	INSERT INTO contrase(con_contrase,id_sistemasait,id_usuarios) VALUES('',7,73);
INSERT INTO contrase(con_contrase,id_sistemasait,id_usuarios) VALUES('',1,74);	INSERT INTO contrase(con_contrase,id_sistemasait,id_usuarios) VALUES('',2,74);	INSERT INTO contrase(con_contrase,id_sistemasait,id_usuarios) VALUES('',3,74);	INSERT INTO contrase(con_contrase,id_sistemasait,id_usuarios) VALUES('',4,74);	INSERT INTO contrase(con_contrase,id_sistemasait,id_usuarios) VALUES('',5,74);	INSERT INTO contrase(con_contrase,id_sistemasait,id_usuarios) VALUES('',6,74);	INSERT INTO contrase(con_contrase,id_sistemasait,id_usuarios) VALUES('',7,74);
INSERT INTO contrase(con_contrase,id_sistemasait,id_usuarios) VALUES('',1,75);	INSERT INTO contrase(con_contrase,id_sistemasait,id_usuarios) VALUES('',2,75);	INSERT INTO contrase(con_contrase,id_sistemasait,id_usuarios) VALUES('',3,75);	INSERT INTO contrase(con_contrase,id_sistemasait,id_usuarios) VALUES('',4,75);	INSERT INTO contrase(con_contrase,id_sistemasait,id_usuarios) VALUES('',5,75);	INSERT INTO contrase(con_contrase,id_sistemasait,id_usuarios) VALUES('',6,75);	INSERT INTO contrase(con_contrase,id_sistemasait,id_usuarios) VALUES('',7,75);
INSERT INTO contrase(con_contrase,id_sistemasait,id_usuarios) VALUES('',1,76);	INSERT INTO contrase(con_contrase,id_sistemasait,id_usuarios) VALUES('',2,76);	INSERT INTO contrase(con_contrase,id_sistemasait,id_usuarios) VALUES('',3,76);	INSERT INTO contrase(con_contrase,id_sistemasait,id_usuarios) VALUES('',4,76);	INSERT INTO contrase(con_contrase,id_sistemasait,id_usuarios) VALUES('',5,76);	INSERT INTO contrase(con_contrase,id_sistemasait,id_usuarios) VALUES('',6,76);	INSERT INTO contrase(con_contrase,id_sistemasait,id_usuarios) VALUES('',7,76);
INSERT INTO contrase(con_contrase,id_sistemasait,id_usuarios) VALUES('',1,77);	INSERT INTO contrase(con_contrase,id_sistemasait,id_usuarios) VALUES('',2,77);	INSERT INTO contrase(con_contrase,id_sistemasait,id_usuarios) VALUES('',3,77);	INSERT INTO contrase(con_contrase,id_sistemasait,id_usuarios) VALUES('',4,77);	INSERT INTO contrase(con_contrase,id_sistemasait,id_usuarios) VALUES('',5,77);	INSERT INTO contrase(con_contrase,id_sistemasait,id_usuarios) VALUES('',6,77);	INSERT INTO contrase(con_contrase,id_sistemasait,id_usuarios) VALUES('',7,77);
INSERT INTO contrase(con_contrase,id_sistemasait,id_usuarios) VALUES('',1,78);	INSERT INTO contrase(con_contrase,id_sistemasait,id_usuarios) VALUES('',2,78);	INSERT INTO contrase(con_contrase,id_sistemasait,id_usuarios) VALUES('',3,78);	INSERT INTO contrase(con_contrase,id_sistemasait,id_usuarios) VALUES('',4,78);	INSERT INTO contrase(con_contrase,id_sistemasait,id_usuarios) VALUES('',5,78);	INSERT INTO contrase(con_contrase,id_sistemasait,id_usuarios) VALUES('',6,78);	INSERT INTO contrase(con_contrase,id_sistemasait,id_usuarios) VALUES('',7,78);
INSERT INTO contrase(con_contrase,id_sistemasait,id_usuarios) VALUES('',1,79);	INSERT INTO contrase(con_contrase,id_sistemasait,id_usuarios) VALUES('',2,79);	INSERT INTO contrase(con_contrase,id_sistemasait,id_usuarios) VALUES('',3,79);	INSERT INTO contrase(con_contrase,id_sistemasait,id_usuarios) VALUES('',4,79);	INSERT INTO contrase(con_contrase,id_sistemasait,id_usuarios) VALUES('',5,79);	INSERT INTO contrase(con_contrase,id_sistemasait,id_usuarios) VALUES('',6,79);	INSERT INTO contrase(con_contrase,id_sistemasait,id_usuarios) VALUES('',7,79);
INSERT INTO contrase(con_contrase,id_sistemasait,id_usuarios) VALUES('',1,80);	INSERT INTO contrase(con_contrase,id_sistemasait,id_usuarios) VALUES('',2,80);	INSERT INTO contrase(con_contrase,id_sistemasait,id_usuarios) VALUES('',3,80);	INSERT INTO contrase(con_contrase,id_sistemasait,id_usuarios) VALUES('',4,80);	INSERT INTO contrase(con_contrase,id_sistemasait,id_usuarios) VALUES('',5,80);	INSERT INTO contrase(con_contrase,id_sistemasait,id_usuarios) VALUES('',6,80);	INSERT INTO contrase(con_contrase,id_sistemasait,id_usuarios) VALUES('',7,80);
INSERT INTO contrase(con_contrase,id_sistemasait,id_usuarios) VALUES('',1,81);	INSERT INTO contrase(con_contrase,id_sistemasait,id_usuarios) VALUES('',2,81);	INSERT INTO contrase(con_contrase,id_sistemasait,id_usuarios) VALUES('',3,81);	INSERT INTO contrase(con_contrase,id_sistemasait,id_usuarios) VALUES('',4,81);	INSERT INTO contrase(con_contrase,id_sistemasait,id_usuarios) VALUES('',5,81);	INSERT INTO contrase(con_contrase,id_sistemasait,id_usuarios) VALUES('',6,81);	INSERT INTO contrase(con_contrase,id_sistemasait,id_usuarios) VALUES('',7,81);
INSERT INTO contrase(con_contrase,id_sistemasait,id_usuarios) VALUES('',1,82);	INSERT INTO contrase(con_contrase,id_sistemasait,id_usuarios) VALUES('',2,82);	INSERT INTO contrase(con_contrase,id_sistemasait,id_usuarios) VALUES('',3,82);	INSERT INTO contrase(con_contrase,id_sistemasait,id_usuarios) VALUES('',4,82);	INSERT INTO contrase(con_contrase,id_sistemasait,id_usuarios) VALUES('',5,82);	INSERT INTO contrase(con_contrase,id_sistemasait,id_usuarios) VALUES('',6,82);	INSERT INTO contrase(con_contrase,id_sistemasait,id_usuarios) VALUES('',7,82);
INSERT INTO contrase(con_contrase,id_sistemasait,id_usuarios) VALUES('',1,83);	INSERT INTO contrase(con_contrase,id_sistemasait,id_usuarios) VALUES('',2,83);	INSERT INTO contrase(con_contrase,id_sistemasait,id_usuarios) VALUES('',3,83);	INSERT INTO contrase(con_contrase,id_sistemasait,id_usuarios) VALUES('',4,83);	INSERT INTO contrase(con_contrase,id_sistemasait,id_usuarios) VALUES('',5,83);	INSERT INTO contrase(con_contrase,id_sistemasait,id_usuarios) VALUES('',6,83);	INSERT INTO contrase(con_contrase,id_sistemasait,id_usuarios) VALUES('',7,83);
INSERT INTO contrase(con_contrase,id_sistemasait,id_usuarios) VALUES('',1,84);	INSERT INTO contrase(con_contrase,id_sistemasait,id_usuarios) VALUES('',2,84);	INSERT INTO contrase(con_contrase,id_sistemasait,id_usuarios) VALUES('',3,84);	INSERT INTO contrase(con_contrase,id_sistemasait,id_usuarios) VALUES('',4,84);	INSERT INTO contrase(con_contrase,id_sistemasait,id_usuarios) VALUES('',5,84);	INSERT INTO contrase(con_contrase,id_sistemasait,id_usuarios) VALUES('',6,84);	INSERT INTO contrase(con_contrase,id_sistemasait,id_usuarios) VALUES('',7,84);
INSERT INTO contrase(con_contrase,id_sistemasait,id_usuarios) VALUES('',1,85);	INSERT INTO contrase(con_contrase,id_sistemasait,id_usuarios) VALUES('',2,85);	INSERT INTO contrase(con_contrase,id_sistemasait,id_usuarios) VALUES('',3,85);	INSERT INTO contrase(con_contrase,id_sistemasait,id_usuarios) VALUES('',4,85);	INSERT INTO contrase(con_contrase,id_sistemasait,id_usuarios) VALUES('',5,85);	INSERT INTO contrase(con_contrase,id_sistemasait,id_usuarios) VALUES('',6,85);	INSERT INTO contrase(con_contrase,id_sistemasait,id_usuarios) VALUES('',7,85);
INSERT INTO contrase(con_contrase,id_sistemasait,id_usuarios) VALUES('',1,86);	INSERT INTO contrase(con_contrase,id_sistemasait,id_usuarios) VALUES('',2,86);	INSERT INTO contrase(con_contrase,id_sistemasait,id_usuarios) VALUES('',3,86);	INSERT INTO contrase(con_contrase,id_sistemasait,id_usuarios) VALUES('',4,86);	INSERT INTO contrase(con_contrase,id_sistemasait,id_usuarios) VALUES('',5,86);	INSERT INTO contrase(con_contrase,id_sistemasait,id_usuarios) VALUES('',6,86);	INSERT INTO contrase(con_contrase,id_sistemasait,id_usuarios) VALUES('',7,86);
INSERT INTO contrase(con_contrase,id_sistemasait,id_usuarios) VALUES('',1,87);	INSERT INTO contrase(con_contrase,id_sistemasait,id_usuarios) VALUES('',2,87);	INSERT INTO contrase(con_contrase,id_sistemasait,id_usuarios) VALUES('',3,87);	INSERT INTO contrase(con_contrase,id_sistemasait,id_usuarios) VALUES('',4,87);	INSERT INTO contrase(con_contrase,id_sistemasait,id_usuarios) VALUES('',5,87);	INSERT INTO contrase(con_contrase,id_sistemasait,id_usuarios) VALUES('',6,87);	INSERT INTO contrase(con_contrase,id_sistemasait,id_usuarios) VALUES('',7,87);
INSERT INTO contrase(con_contrase,id_sistemasait,id_usuarios) VALUES('',1,88);	INSERT INTO contrase(con_contrase,id_sistemasait,id_usuarios) VALUES('',2,88);	INSERT INTO contrase(con_contrase,id_sistemasait,id_usuarios) VALUES('',3,88);	INSERT INTO contrase(con_contrase,id_sistemasait,id_usuarios) VALUES('',4,88);	INSERT INTO contrase(con_contrase,id_sistemasait,id_usuarios) VALUES('',5,88);	INSERT INTO contrase(con_contrase,id_sistemasait,id_usuarios) VALUES('',6,88);	INSERT INTO contrase(con_contrase,id_sistemasait,id_usuarios) VALUES('',7,88);
INSERT INTO contrase(con_contrase,id_sistemasait,id_usuarios) VALUES('',1,89);	INSERT INTO contrase(con_contrase,id_sistemasait,id_usuarios) VALUES('',2,89);	INSERT INTO contrase(con_contrase,id_sistemasait,id_usuarios) VALUES('',3,89);	INSERT INTO contrase(con_contrase,id_sistemasait,id_usuarios) VALUES('',4,89);	INSERT INTO contrase(con_contrase,id_sistemasait,id_usuarios) VALUES('',5,89);	INSERT INTO contrase(con_contrase,id_sistemasait,id_usuarios) VALUES('',6,89);	INSERT INTO contrase(con_contrase,id_sistemasait,id_usuarios) VALUES('',7,89);
INSERT INTO contrase(con_contrase,id_sistemasait,id_usuarios) VALUES('',1,90);	INSERT INTO contrase(con_contrase,id_sistemasait,id_usuarios) VALUES('',2,90);	INSERT INTO contrase(con_contrase,id_sistemasait,id_usuarios) VALUES('',3,90);	INSERT INTO contrase(con_contrase,id_sistemasait,id_usuarios) VALUES('',4,90);	INSERT INTO contrase(con_contrase,id_sistemasait,id_usuarios) VALUES('',5,90);	INSERT INTO contrase(con_contrase,id_sistemasait,id_usuarios) VALUES('',6,90);	INSERT INTO contrase(con_contrase,id_sistemasait,id_usuarios) VALUES('',7,90);
INSERT INTO contrase(con_contrase,id_sistemasait,id_usuarios) VALUES('',1,91);	INSERT INTO contrase(con_contrase,id_sistemasait,id_usuarios) VALUES('',2,91);	INSERT INTO contrase(con_contrase,id_sistemasait,id_usuarios) VALUES('',3,91);	INSERT INTO contrase(con_contrase,id_sistemasait,id_usuarios) VALUES('',4,91);	INSERT INTO contrase(con_contrase,id_sistemasait,id_usuarios) VALUES('',5,91);	INSERT INTO contrase(con_contrase,id_sistemasait,id_usuarios) VALUES('',6,91);	INSERT INTO contrase(con_contrase,id_sistemasait,id_usuarios) VALUES('',7,91);
INSERT INTO contrase(con_contrase,id_sistemasait,id_usuarios) VALUES('',1,92);	INSERT INTO contrase(con_contrase,id_sistemasait,id_usuarios) VALUES('',2,92);	INSERT INTO contrase(con_contrase,id_sistemasait,id_usuarios) VALUES('',3,92);	INSERT INTO contrase(con_contrase,id_sistemasait,id_usuarios) VALUES('',4,92);	INSERT INTO contrase(con_contrase,id_sistemasait,id_usuarios) VALUES('',5,92);	INSERT INTO contrase(con_contrase,id_sistemasait,id_usuarios) VALUES('',6,92);	INSERT INTO contrase(con_contrase,id_sistemasait,id_usuarios) VALUES('',7,92);
INSERT INTO contrase(con_contrase,id_sistemasait,id_usuarios) VALUES('',1,93);	INSERT INTO contrase(con_contrase,id_sistemasait,id_usuarios) VALUES('',2,93);	INSERT INTO contrase(con_contrase,id_sistemasait,id_usuarios) VALUES('',3,93);	INSERT INTO contrase(con_contrase,id_sistemasait,id_usuarios) VALUES('',4,93);	INSERT INTO contrase(con_contrase,id_sistemasait,id_usuarios) VALUES('',5,93);	INSERT INTO contrase(con_contrase,id_sistemasait,id_usuarios) VALUES('',6,93);	INSERT INTO contrase(con_contrase,id_sistemasait,id_usuarios) VALUES('',7,93);
INSERT INTO contrase(con_contrase,id_sistemasait,id_usuarios) VALUES('',1,94);	INSERT INTO contrase(con_contrase,id_sistemasait,id_usuarios) VALUES('',2,94);	INSERT INTO contrase(con_contrase,id_sistemasait,id_usuarios) VALUES('',3,94);	INSERT INTO contrase(con_contrase,id_sistemasait,id_usuarios) VALUES('',4,94);	INSERT INTO contrase(con_contrase,id_sistemasait,id_usuarios) VALUES('',5,94);	INSERT INTO contrase(con_contrase,id_sistemasait,id_usuarios) VALUES('',6,94);	INSERT INTO contrase(con_contrase,id_sistemasait,id_usuarios) VALUES('',7,94);
INSERT INTO contrase(con_contrase,id_sistemasait,id_usuarios) VALUES('',1,95);	INSERT INTO contrase(con_contrase,id_sistemasait,id_usuarios) VALUES('',2,95);	INSERT INTO contrase(con_contrase,id_sistemasait,id_usuarios) VALUES('',3,95);	INSERT INTO contrase(con_contrase,id_sistemasait,id_usuarios) VALUES('',4,95);	INSERT INTO contrase(con_contrase,id_sistemasait,id_usuarios) VALUES('',5,95);	INSERT INTO contrase(con_contrase,id_sistemasait,id_usuarios) VALUES('',6,95);	INSERT INTO contrase(con_contrase,id_sistemasait,id_usuarios) VALUES('',7,95);
INSERT INTO contrase(con_contrase,id_sistemasait,id_usuarios) VALUES('',1,96);	INSERT INTO contrase(con_contrase,id_sistemasait,id_usuarios) VALUES('',2,96);	INSERT INTO contrase(con_contrase,id_sistemasait,id_usuarios) VALUES('',3,96);	INSERT INTO contrase(con_contrase,id_sistemasait,id_usuarios) VALUES('',4,96);	INSERT INTO contrase(con_contrase,id_sistemasait,id_usuarios) VALUES('',5,96);	INSERT INTO contrase(con_contrase,id_sistemasait,id_usuarios) VALUES('',6,96);	INSERT INTO contrase(con_contrase,id_sistemasait,id_usuarios) VALUES('',7,96);
INSERT INTO contrase(con_contrase,id_sistemasait,id_usuarios) VALUES('',1,97);	INSERT INTO contrase(con_contrase,id_sistemasait,id_usuarios) VALUES('',2,97);	INSERT INTO contrase(con_contrase,id_sistemasait,id_usuarios) VALUES('',3,97);	INSERT INTO contrase(con_contrase,id_sistemasait,id_usuarios) VALUES('',4,97);	INSERT INTO contrase(con_contrase,id_sistemasait,id_usuarios) VALUES('',5,97);	INSERT INTO contrase(con_contrase,id_sistemasait,id_usuarios) VALUES('',6,97);	INSERT INTO contrase(con_contrase,id_sistemasait,id_usuarios) VALUES('',7,97);
INSERT INTO contrase(con_contrase,id_sistemasait,id_usuarios) VALUES('',1,98);	INSERT INTO contrase(con_contrase,id_sistemasait,id_usuarios) VALUES('',2,98);	INSERT INTO contrase(con_contrase,id_sistemasait,id_usuarios) VALUES('',3,98);	INSERT INTO contrase(con_contrase,id_sistemasait,id_usuarios) VALUES('',4,98);	INSERT INTO contrase(con_contrase,id_sistemasait,id_usuarios) VALUES('',5,98);	INSERT INTO contrase(con_contrase,id_sistemasait,id_usuarios) VALUES('',6,98);	INSERT INTO contrase(con_contrase,id_sistemasait,id_usuarios) VALUES('',7,98);
INSERT INTO contrase(con_contrase,id_sistemasait,id_usuarios) VALUES('',1,99);	INSERT INTO contrase(con_contrase,id_sistemasait,id_usuarios) VALUES('',2,99);	INSERT INTO contrase(con_contrase,id_sistemasait,id_usuarios) VALUES('',3,99);	INSERT INTO contrase(con_contrase,id_sistemasait,id_usuarios) VALUES('',4,99);	INSERT INTO contrase(con_contrase,id_sistemasait,id_usuarios) VALUES('',5,99);	INSERT INTO contrase(con_contrase,id_sistemasait,id_usuarios) VALUES('',6,99);	INSERT INTO contrase(con_contrase,id_sistemasait,id_usuarios) VALUES('',7,99);
INSERT INTO contrase(con_contrase,id_sistemasait,id_usuarios) VALUES('',1,100);	INSERT INTO contrase(con_contrase,id_sistemasait,id_usuarios) VALUES('',2,100);	INSERT INTO contrase(con_contrase,id_sistemasait,id_usuarios) VALUES('',3,100);	INSERT INTO contrase(con_contrase,id_sistemasait,id_usuarios) VALUES('',4,100);	INSERT INTO contrase(con_contrase,id_sistemasait,id_usuarios) VALUES('',5,100);	INSERT INTO contrase(con_contrase,id_sistemasait,id_usuarios) VALUES('',6,100);	INSERT INTO contrase(con_contrase,id_sistemasait,id_usuarios) VALUES('',7,100);
INSERT INTO contrase(con_contrase,id_sistemasait,id_usuarios) VALUES('',1,101);	INSERT INTO contrase(con_contrase,id_sistemasait,id_usuarios) VALUES('',2,101);	INSERT INTO contrase(con_contrase,id_sistemasait,id_usuarios) VALUES('',3,101);	INSERT INTO contrase(con_contrase,id_sistemasait,id_usuarios) VALUES('',4,101);	INSERT INTO contrase(con_contrase,id_sistemasait,id_usuarios) VALUES('',5,101);	INSERT INTO contrase(con_contrase,id_sistemasait,id_usuarios) VALUES('',6,101);	INSERT INTO contrase(con_contrase,id_sistemasait,id_usuarios) VALUES('',7,101);
INSERT INTO contrase(con_contrase,id_sistemasait,id_usuarios) VALUES('',1,102);	INSERT INTO contrase(con_contrase,id_sistemasait,id_usuarios) VALUES('',2,102);	INSERT INTO contrase(con_contrase,id_sistemasait,id_usuarios) VALUES('',3,102);	INSERT INTO contrase(con_contrase,id_sistemasait,id_usuarios) VALUES('',4,102);	INSERT INTO contrase(con_contrase,id_sistemasait,id_usuarios) VALUES('',5,102);	INSERT INTO contrase(con_contrase,id_sistemasait,id_usuarios) VALUES('',6,102);	INSERT INTO contrase(con_contrase,id_sistemasait,id_usuarios) VALUES('',7,102);
INSERT INTO contrase(con_contrase,id_sistemasait,id_usuarios) VALUES('',1,103);	INSERT INTO contrase(con_contrase,id_sistemasait,id_usuarios) VALUES('',2,103);	INSERT INTO contrase(con_contrase,id_sistemasait,id_usuarios) VALUES('',3,103);	INSERT INTO contrase(con_contrase,id_sistemasait,id_usuarios) VALUES('',4,103);	INSERT INTO contrase(con_contrase,id_sistemasait,id_usuarios) VALUES('',5,103);	INSERT INTO contrase(con_contrase,id_sistemasait,id_usuarios) VALUES('',6,103);	INSERT INTO contrase(con_contrase,id_sistemasait,id_usuarios) VALUES('',7,103);
INSERT INTO contrase(con_contrase,id_sistemasait,id_usuarios) VALUES('',1,104);	INSERT INTO contrase(con_contrase,id_sistemasait,id_usuarios) VALUES('',2,104);	INSERT INTO contrase(con_contrase,id_sistemasait,id_usuarios) VALUES('',3,104);	INSERT INTO contrase(con_contrase,id_sistemasait,id_usuarios) VALUES('',4,104);	INSERT INTO contrase(con_contrase,id_sistemasait,id_usuarios) VALUES('',5,104);	INSERT INTO contrase(con_contrase,id_sistemasait,id_usuarios) VALUES('',6,104);	INSERT INTO contrase(con_contrase,id_sistemasait,id_usuarios) VALUES('',7,104);
INSERT INTO contrase(con_contrase,id_sistemasait,id_usuarios) VALUES('',1,105);	INSERT INTO contrase(con_contrase,id_sistemasait,id_usuarios) VALUES('',2,105);	INSERT INTO contrase(con_contrase,id_sistemasait,id_usuarios) VALUES('',3,105);	INSERT INTO contrase(con_contrase,id_sistemasait,id_usuarios) VALUES('',4,105);	INSERT INTO contrase(con_contrase,id_sistemasait,id_usuarios) VALUES('',5,105);	INSERT INTO contrase(con_contrase,id_sistemasait,id_usuarios) VALUES('',6,105);	INSERT INTO contrase(con_contrase,id_sistemasait,id_usuarios) VALUES('',7,105);
INSERT INTO contrase(con_contrase,id_sistemasait,id_usuarios) VALUES('',1,106);	INSERT INTO contrase(con_contrase,id_sistemasait,id_usuarios) VALUES('',2,106);	INSERT INTO contrase(con_contrase,id_sistemasait,id_usuarios) VALUES('',3,106);	INSERT INTO contrase(con_contrase,id_sistemasait,id_usuarios) VALUES('',4,106);	INSERT INTO contrase(con_contrase,id_sistemasait,id_usuarios) VALUES('',5,106);	INSERT INTO contrase(con_contrase,id_sistemasait,id_usuarios) VALUES('',6,106);	INSERT INTO contrase(con_contrase,id_sistemasait,id_usuarios) VALUES('',7,106);
INSERT INTO contrase(con_contrase,id_sistemasait,id_usuarios) VALUES('',1,107);	INSERT INTO contrase(con_contrase,id_sistemasait,id_usuarios) VALUES('',2,107);	INSERT INTO contrase(con_contrase,id_sistemasait,id_usuarios) VALUES('',3,107);	INSERT INTO contrase(con_contrase,id_sistemasait,id_usuarios) VALUES('',4,107);	INSERT INTO contrase(con_contrase,id_sistemasait,id_usuarios) VALUES('',5,107);	INSERT INTO contrase(con_contrase,id_sistemasait,id_usuarios) VALUES('',6,107);	INSERT INTO contrase(con_contrase,id_sistemasait,id_usuarios) VALUES('',7,107);
INSERT INTO contrase(con_contrase,id_sistemasait,id_usuarios) VALUES('',1,108);	INSERT INTO contrase(con_contrase,id_sistemasait,id_usuarios) VALUES('',2,108);	INSERT INTO contrase(con_contrase,id_sistemasait,id_usuarios) VALUES('',3,108);	INSERT INTO contrase(con_contrase,id_sistemasait,id_usuarios) VALUES('',4,108);	INSERT INTO contrase(con_contrase,id_sistemasait,id_usuarios) VALUES('',5,108);	INSERT INTO contrase(con_contrase,id_sistemasait,id_usuarios) VALUES('',6,108);	INSERT INTO contrase(con_contrase,id_sistemasait,id_usuarios) VALUES('',7,108);
INSERT INTO contrase(con_contrase,id_sistemasait,id_usuarios) VALUES('',1,109);	INSERT INTO contrase(con_contrase,id_sistemasait,id_usuarios) VALUES('',2,109);	INSERT INTO contrase(con_contrase,id_sistemasait,id_usuarios) VALUES('',3,109);	INSERT INTO contrase(con_contrase,id_sistemasait,id_usuarios) VALUES('',4,109);	INSERT INTO contrase(con_contrase,id_sistemasait,id_usuarios) VALUES('',5,109);	INSERT INTO contrase(con_contrase,id_sistemasait,id_usuarios) VALUES('',6,109);	INSERT INTO contrase(con_contrase,id_sistemasait,id_usuarios) VALUES('',7,109);
INSERT INTO contrase(con_contrase,id_sistemasait,id_usuarios) VALUES('',1,110);	INSERT INTO contrase(con_contrase,id_sistemasait,id_usuarios) VALUES('',2,110);	INSERT INTO contrase(con_contrase,id_sistemasait,id_usuarios) VALUES('',3,110);	INSERT INTO contrase(con_contrase,id_sistemasait,id_usuarios) VALUES('',4,110);	INSERT INTO contrase(con_contrase,id_sistemasait,id_usuarios) VALUES('',5,110);	INSERT INTO contrase(con_contrase,id_sistemasait,id_usuarios) VALUES('',6,110);	INSERT INTO contrase(con_contrase,id_sistemasait,id_usuarios) VALUES('',7,110);
INSERT INTO contrase(con_contrase,id_sistemasait,id_usuarios) VALUES('',1,111);	INSERT INTO contrase(con_contrase,id_sistemasait,id_usuarios) VALUES('',2,111);	INSERT INTO contrase(con_contrase,id_sistemasait,id_usuarios) VALUES('',3,111);	INSERT INTO contrase(con_contrase,id_sistemasait,id_usuarios) VALUES('',4,111);	INSERT INTO contrase(con_contrase,id_sistemasait,id_usuarios) VALUES('',5,111);	INSERT INTO contrase(con_contrase,id_sistemasait,id_usuarios) VALUES('',6,111);	INSERT INTO contrase(con_contrase,id_sistemasait,id_usuarios) VALUES('',7,111);
INSERT INTO contrase(con_contrase,id_sistemasait,id_usuarios) VALUES('',1,112);	INSERT INTO contrase(con_contrase,id_sistemasait,id_usuarios) VALUES('',2,112);	INSERT INTO contrase(con_contrase,id_sistemasait,id_usuarios) VALUES('',3,112);	INSERT INTO contrase(con_contrase,id_sistemasait,id_usuarios) VALUES('',4,112);	INSERT INTO contrase(con_contrase,id_sistemasait,id_usuarios) VALUES('',5,112);	INSERT INTO contrase(con_contrase,id_sistemasait,id_usuarios) VALUES('',6,112);	INSERT INTO contrase(con_contrase,id_sistemasait,id_usuarios) VALUES('',7,112);
INSERT INTO contrase(con_contrase,id_sistemasait,id_usuarios) VALUES('',1,113);	INSERT INTO contrase(con_contrase,id_sistemasait,id_usuarios) VALUES('',2,113);	INSERT INTO contrase(con_contrase,id_sistemasait,id_usuarios) VALUES('',3,113);	INSERT INTO contrase(con_contrase,id_sistemasait,id_usuarios) VALUES('',4,113);	INSERT INTO contrase(con_contrase,id_sistemasait,id_usuarios) VALUES('',5,113);	INSERT INTO contrase(con_contrase,id_sistemasait,id_usuarios) VALUES('',6,113);	INSERT INTO contrase(con_contrase,id_sistemasait,id_usuarios) VALUES('',7,113);
INSERT INTO contrase(con_contrase,id_sistemasait,id_usuarios) VALUES('',1,114);	INSERT INTO contrase(con_contrase,id_sistemasait,id_usuarios) VALUES('',2,114);	INSERT INTO contrase(con_contrase,id_sistemasait,id_usuarios) VALUES('',3,114);	INSERT INTO contrase(con_contrase,id_sistemasait,id_usuarios) VALUES('',4,114);	INSERT INTO contrase(con_contrase,id_sistemasait,id_usuarios) VALUES('',5,114);	INSERT INTO contrase(con_contrase,id_sistemasait,id_usuarios) VALUES('',6,114);	INSERT INTO contrase(con_contrase,id_sistemasait,id_usuarios) VALUES('',7,114);
INSERT INTO contrase(con_contrase,id_sistemasait,id_usuarios) VALUES('',1,115);	INSERT INTO contrase(con_contrase,id_sistemasait,id_usuarios) VALUES('',2,115);	INSERT INTO contrase(con_contrase,id_sistemasait,id_usuarios) VALUES('',3,115);	INSERT INTO contrase(con_contrase,id_sistemasait,id_usuarios) VALUES('',4,115);	INSERT INTO contrase(con_contrase,id_sistemasait,id_usuarios) VALUES('',5,115);	INSERT INTO contrase(con_contrase,id_sistemasait,id_usuarios) VALUES('',6,115);	INSERT INTO contrase(con_contrase,id_sistemasait,id_usuarios) VALUES('',7,115);
INSERT INTO contrase(con_contrase,id_sistemasait,id_usuarios) VALUES('',1,116);	INSERT INTO contrase(con_contrase,id_sistemasait,id_usuarios) VALUES('',2,116);	INSERT INTO contrase(con_contrase,id_sistemasait,id_usuarios) VALUES('',3,116);	INSERT INTO contrase(con_contrase,id_sistemasait,id_usuarios) VALUES('',4,116);	INSERT INTO contrase(con_contrase,id_sistemasait,id_usuarios) VALUES('',5,116);	INSERT INTO contrase(con_contrase,id_sistemasait,id_usuarios) VALUES('',6,116);	INSERT INTO contrase(con_contrase,id_sistemasait,id_usuarios) VALUES('',7,116);
INSERT INTO contrase(con_contrase,id_sistemasait,id_usuarios) VALUES('',1,117);	INSERT INTO contrase(con_contrase,id_sistemasait,id_usuarios) VALUES('',2,117);	INSERT INTO contrase(con_contrase,id_sistemasait,id_usuarios) VALUES('',3,117);	INSERT INTO contrase(con_contrase,id_sistemasait,id_usuarios) VALUES('',4,117);	INSERT INTO contrase(con_contrase,id_sistemasait,id_usuarios) VALUES('',5,117);	INSERT INTO contrase(con_contrase,id_sistemasait,id_usuarios) VALUES('',6,117);	INSERT INTO contrase(con_contrase,id_sistemasait,id_usuarios) VALUES('',7,117);
INSERT INTO contrase(con_contrase,id_sistemasait,id_usuarios) VALUES('',1,118);	INSERT INTO contrase(con_contrase,id_sistemasait,id_usuarios) VALUES('',2,118);	INSERT INTO contrase(con_contrase,id_sistemasait,id_usuarios) VALUES('',3,118);	INSERT INTO contrase(con_contrase,id_sistemasait,id_usuarios) VALUES('',4,118);	INSERT INTO contrase(con_contrase,id_sistemasait,id_usuarios) VALUES('',5,118);	INSERT INTO contrase(con_contrase,id_sistemasait,id_usuarios) VALUES('',6,118);	INSERT INTO contrase(con_contrase,id_sistemasait,id_usuarios) VALUES('',7,118);
INSERT INTO contrase(con_contrase,id_sistemasait,id_usuarios) VALUES('',1,119);	INSERT INTO contrase(con_contrase,id_sistemasait,id_usuarios) VALUES('',2,119);	INSERT INTO contrase(con_contrase,id_sistemasait,id_usuarios) VALUES('',3,119);	INSERT INTO contrase(con_contrase,id_sistemasait,id_usuarios) VALUES('',4,119);	INSERT INTO contrase(con_contrase,id_sistemasait,id_usuarios) VALUES('',5,119);	INSERT INTO contrase(con_contrase,id_sistemasait,id_usuarios) VALUES('',6,119);	INSERT INTO contrase(con_contrase,id_sistemasait,id_usuarios) VALUES('',7,119);
INSERT INTO contrase(con_contrase,id_sistemasait,id_usuarios) VALUES('',1,120);	INSERT INTO contrase(con_contrase,id_sistemasait,id_usuarios) VALUES('',2,120);	INSERT INTO contrase(con_contrase,id_sistemasait,id_usuarios) VALUES('',3,120);	INSERT INTO contrase(con_contrase,id_sistemasait,id_usuarios) VALUES('',4,120);	INSERT INTO contrase(con_contrase,id_sistemasait,id_usuarios) VALUES('',5,120);	INSERT INTO contrase(con_contrase,id_sistemasait,id_usuarios) VALUES('',6,120);	INSERT INTO contrase(con_contrase,id_sistemasait,id_usuarios) VALUES('',7,120);
INSERT INTO contrase(con_contrase,id_sistemasait,id_usuarios) VALUES('',1,121);	INSERT INTO contrase(con_contrase,id_sistemasait,id_usuarios) VALUES('',2,121);	INSERT INTO contrase(con_contrase,id_sistemasait,id_usuarios) VALUES('',3,121);	INSERT INTO contrase(con_contrase,id_sistemasait,id_usuarios) VALUES('',4,121);	INSERT INTO contrase(con_contrase,id_sistemasait,id_usuarios) VALUES('',5,121);	INSERT INTO contrase(con_contrase,id_sistemasait,id_usuarios) VALUES('',6,121);	INSERT INTO contrase(con_contrase,id_sistemasait,id_usuarios) VALUES('',7,121);
INSERT INTO contrase(con_contrase,id_sistemasait,id_usuarios) VALUES('',1,122);	INSERT INTO contrase(con_contrase,id_sistemasait,id_usuarios) VALUES('',2,122);	INSERT INTO contrase(con_contrase,id_sistemasait,id_usuarios) VALUES('',3,122);	INSERT INTO contrase(con_contrase,id_sistemasait,id_usuarios) VALUES('',4,122);	INSERT INTO contrase(con_contrase,id_sistemasait,id_usuarios) VALUES('',5,122);	INSERT INTO contrase(con_contrase,id_sistemasait,id_usuarios) VALUES('',6,122);	INSERT INTO contrase(con_contrase,id_sistemasait,id_usuarios) VALUES('',7,122);
INSERT INTO contrase(con_contrase,id_sistemasait,id_usuarios) VALUES('',1,123);	INSERT INTO contrase(con_contrase,id_sistemasait,id_usuarios) VALUES('',2,123);	INSERT INTO contrase(con_contrase,id_sistemasait,id_usuarios) VALUES('',3,123);	INSERT INTO contrase(con_contrase,id_sistemasait,id_usuarios) VALUES('',4,123);	INSERT INTO contrase(con_contrase,id_sistemasait,id_usuarios) VALUES('',5,123);	INSERT INTO contrase(con_contrase,id_sistemasait,id_usuarios) VALUES('',6,123);	INSERT INTO contrase(con_contrase,id_sistemasait,id_usuarios) VALUES('',7,123);
INSERT INTO contrase(con_contrase,id_sistemasait,id_usuarios) VALUES('',1,124);	INSERT INTO contrase(con_contrase,id_sistemasait,id_usuarios) VALUES('',2,124);	INSERT INTO contrase(con_contrase,id_sistemasait,id_usuarios) VALUES('',3,124);	INSERT INTO contrase(con_contrase,id_sistemasait,id_usuarios) VALUES('',4,124);	INSERT INTO contrase(con_contrase,id_sistemasait,id_usuarios) VALUES('',5,124);	INSERT INTO contrase(con_contrase,id_sistemasait,id_usuarios) VALUES('',6,124);	INSERT INTO contrase(con_contrase,id_sistemasait,id_usuarios) VALUES('',7,124);
INSERT INTO contrase(con_contrase,id_sistemasait,id_usuarios) VALUES('',1,125);	INSERT INTO contrase(con_contrase,id_sistemasait,id_usuarios) VALUES('',2,125);	INSERT INTO contrase(con_contrase,id_sistemasait,id_usuarios) VALUES('',3,125);	INSERT INTO contrase(con_contrase,id_sistemasait,id_usuarios) VALUES('',4,125);	INSERT INTO contrase(con_contrase,id_sistemasait,id_usuarios) VALUES('',5,125);	INSERT INTO contrase(con_contrase,id_sistemasait,id_usuarios) VALUES('',6,125);	INSERT INTO contrase(con_contrase,id_sistemasait,id_usuarios) VALUES('',7,125);
INSERT INTO contrase(con_contrase,id_sistemasait,id_usuarios) VALUES('',1,126);	INSERT INTO contrase(con_contrase,id_sistemasait,id_usuarios) VALUES('',2,126);	INSERT INTO contrase(con_contrase,id_sistemasait,id_usuarios) VALUES('',3,126);	INSERT INTO contrase(con_contrase,id_sistemasait,id_usuarios) VALUES('',4,126);	INSERT INTO contrase(con_contrase,id_sistemasait,id_usuarios) VALUES('',5,126);	INSERT INTO contrase(con_contrase,id_sistemasait,id_usuarios) VALUES('',6,126);	INSERT INTO contrase(con_contrase,id_sistemasait,id_usuarios) VALUES('',7,126);
INSERT INTO contrase(con_contrase,id_sistemasait,id_usuarios) VALUES('',1,127);	INSERT INTO contrase(con_contrase,id_sistemasait,id_usuarios) VALUES('',2,127);	INSERT INTO contrase(con_contrase,id_sistemasait,id_usuarios) VALUES('',3,127);	INSERT INTO contrase(con_contrase,id_sistemasait,id_usuarios) VALUES('',4,127);	INSERT INTO contrase(con_contrase,id_sistemasait,id_usuarios) VALUES('',5,127);	INSERT INTO contrase(con_contrase,id_sistemasait,id_usuarios) VALUES('',6,127);	INSERT INTO contrase(con_contrase,id_sistemasait,id_usuarios) VALUES('',7,127);
INSERT INTO contrase(con_contrase,id_sistemasait,id_usuarios) VALUES('',1,128);	INSERT INTO contrase(con_contrase,id_sistemasait,id_usuarios) VALUES('',2,128);	INSERT INTO contrase(con_contrase,id_sistemasait,id_usuarios) VALUES('',3,128);	INSERT INTO contrase(con_contrase,id_sistemasait,id_usuarios) VALUES('',4,128);	INSERT INTO contrase(con_contrase,id_sistemasait,id_usuarios) VALUES('',5,128);	INSERT INTO contrase(con_contrase,id_sistemasait,id_usuarios) VALUES('',6,128);	INSERT INTO contrase(con_contrase,id_sistemasait,id_usuarios) VALUES('',7,128);
INSERT INTO contrase(con_contrase,id_sistemasait,id_usuarios) VALUES('',1,129);	INSERT INTO contrase(con_contrase,id_sistemasait,id_usuarios) VALUES('',2,129);	INSERT INTO contrase(con_contrase,id_sistemasait,id_usuarios) VALUES('',3,129);	INSERT INTO contrase(con_contrase,id_sistemasait,id_usuarios) VALUES('',4,129);	INSERT INTO contrase(con_contrase,id_sistemasait,id_usuarios) VALUES('',5,129);	INSERT INTO contrase(con_contrase,id_sistemasait,id_usuarios) VALUES('',6,129);	INSERT INTO contrase(con_contrase,id_sistemasait,id_usuarios) VALUES('',7,129);
INSERT INTO contrase(con_contrase,id_sistemasait,id_usuarios) VALUES('',1,130);	INSERT INTO contrase(con_contrase,id_sistemasait,id_usuarios) VALUES('',2,130);	INSERT INTO contrase(con_contrase,id_sistemasait,id_usuarios) VALUES('',3,130);	INSERT INTO contrase(con_contrase,id_sistemasait,id_usuarios) VALUES('',4,130);	INSERT INTO contrase(con_contrase,id_sistemasait,id_usuarios) VALUES('',5,130);	INSERT INTO contrase(con_contrase,id_sistemasait,id_usuarios) VALUES('',6,130);	INSERT INTO contrase(con_contrase,id_sistemasait,id_usuarios) VALUES('',7,130);
INSERT INTO contrase(con_contrase,id_sistemasait,id_usuarios) VALUES('',1,131);	INSERT INTO contrase(con_contrase,id_sistemasait,id_usuarios) VALUES('',2,131);	INSERT INTO contrase(con_contrase,id_sistemasait,id_usuarios) VALUES('',3,131);	INSERT INTO contrase(con_contrase,id_sistemasait,id_usuarios) VALUES('',4,131);	INSERT INTO contrase(con_contrase,id_sistemasait,id_usuarios) VALUES('',5,131);	INSERT INTO contrase(con_contrase,id_sistemasait,id_usuarios) VALUES('',6,131);	INSERT INTO contrase(con_contrase,id_sistemasait,id_usuarios) VALUES('',7,131);
INSERT INTO contrase(con_contrase,id_sistemasait,id_usuarios) VALUES('',1,132);	INSERT INTO contrase(con_contrase,id_sistemasait,id_usuarios) VALUES('',2,132);	INSERT INTO contrase(con_contrase,id_sistemasait,id_usuarios) VALUES('',3,132);	INSERT INTO contrase(con_contrase,id_sistemasait,id_usuarios) VALUES('',4,132);	INSERT INTO contrase(con_contrase,id_sistemasait,id_usuarios) VALUES('',5,132);	INSERT INTO contrase(con_contrase,id_sistemasait,id_usuarios) VALUES('',6,132);	INSERT INTO contrase(con_contrase,id_sistemasait,id_usuarios) VALUES('',7,132);
INSERT INTO contrase(con_contrase,id_sistemasait,id_usuarios) VALUES('',1,133);	INSERT INTO contrase(con_contrase,id_sistemasait,id_usuarios) VALUES('',2,133);	INSERT INTO contrase(con_contrase,id_sistemasait,id_usuarios) VALUES('',3,133);	INSERT INTO contrase(con_contrase,id_sistemasait,id_usuarios) VALUES('',4,133);	INSERT INTO contrase(con_contrase,id_sistemasait,id_usuarios) VALUES('',5,133);	INSERT INTO contrase(con_contrase,id_sistemasait,id_usuarios) VALUES('',6,133);	INSERT INTO contrase(con_contrase,id_sistemasait,id_usuarios) VALUES('',7,133);
INSERT INTO contrase(con_contrase,id_sistemasait,id_usuarios) VALUES('',1,134);	INSERT INTO contrase(con_contrase,id_sistemasait,id_usuarios) VALUES('',2,134);	INSERT INTO contrase(con_contrase,id_sistemasait,id_usuarios) VALUES('',3,134);	INSERT INTO contrase(con_contrase,id_sistemasait,id_usuarios) VALUES('',4,134);	INSERT INTO contrase(con_contrase,id_sistemasait,id_usuarios) VALUES('',5,134);	INSERT INTO contrase(con_contrase,id_sistemasait,id_usuarios) VALUES('',6,134);	INSERT INTO contrase(con_contrase,id_sistemasait,id_usuarios) VALUES('',7,134);
INSERT INTO contrase(con_contrase,id_sistemasait,id_usuarios) VALUES('',1,135);	INSERT INTO contrase(con_contrase,id_sistemasait,id_usuarios) VALUES('',2,135);	INSERT INTO contrase(con_contrase,id_sistemasait,id_usuarios) VALUES('',3,135);	INSERT INTO contrase(con_contrase,id_sistemasait,id_usuarios) VALUES('',4,135);	INSERT INTO contrase(con_contrase,id_sistemasait,id_usuarios) VALUES('',5,135);	INSERT INTO contrase(con_contrase,id_sistemasait,id_usuarios) VALUES('',6,135);	INSERT INTO contrase(con_contrase,id_sistemasait,id_usuarios) VALUES('',7,135);
INSERT INTO contrase(con_contrase,id_sistemasait,id_usuarios) VALUES('',1,136);	INSERT INTO contrase(con_contrase,id_sistemasait,id_usuarios) VALUES('',2,136);	INSERT INTO contrase(con_contrase,id_sistemasait,id_usuarios) VALUES('',3,136);	INSERT INTO contrase(con_contrase,id_sistemasait,id_usuarios) VALUES('',4,136);	INSERT INTO contrase(con_contrase,id_sistemasait,id_usuarios) VALUES('',5,136);	INSERT INTO contrase(con_contrase,id_sistemasait,id_usuarios) VALUES('',6,136);	INSERT INTO contrase(con_contrase,id_sistemasait,id_usuarios) VALUES('',7,136);
INSERT INTO contrase(con_contrase,id_sistemasait,id_usuarios) VALUES('',1,137);	INSERT INTO contrase(con_contrase,id_sistemasait,id_usuarios) VALUES('',2,137);	INSERT INTO contrase(con_contrase,id_sistemasait,id_usuarios) VALUES('',3,137);	INSERT INTO contrase(con_contrase,id_sistemasait,id_usuarios) VALUES('',4,137);	INSERT INTO contrase(con_contrase,id_sistemasait,id_usuarios) VALUES('',5,137);	INSERT INTO contrase(con_contrase,id_sistemasait,id_usuarios) VALUES('',6,137);	INSERT INTO contrase(con_contrase,id_sistemasait,id_usuarios) VALUES('',7,137);
INSERT INTO contrase(con_contrase,id_sistemasait,id_usuarios) VALUES('',1,138);	INSERT INTO contrase(con_contrase,id_sistemasait,id_usuarios) VALUES('',2,138);	INSERT INTO contrase(con_contrase,id_sistemasait,id_usuarios) VALUES('',3,138);	INSERT INTO contrase(con_contrase,id_sistemasait,id_usuarios) VALUES('',4,138);	INSERT INTO contrase(con_contrase,id_sistemasait,id_usuarios) VALUES('',5,138);	INSERT INTO contrase(con_contrase,id_sistemasait,id_usuarios) VALUES('',6,138);	INSERT INTO contrase(con_contrase,id_sistemasait,id_usuarios) VALUES('',7,138);
INSERT INTO contrase(con_contrase,id_sistemasait,id_usuarios) VALUES('',1,139);	INSERT INTO contrase(con_contrase,id_sistemasait,id_usuarios) VALUES('',2,139);	INSERT INTO contrase(con_contrase,id_sistemasait,id_usuarios) VALUES('',3,139);	INSERT INTO contrase(con_contrase,id_sistemasait,id_usuarios) VALUES('',4,139);	INSERT INTO contrase(con_contrase,id_sistemasait,id_usuarios) VALUES('',5,139);	INSERT INTO contrase(con_contrase,id_sistemasait,id_usuarios) VALUES('',6,139);	INSERT INTO contrase(con_contrase,id_sistemasait,id_usuarios) VALUES('',7,139);
INSERT INTO contrase(con_contrase,id_sistemasait,id_usuarios) VALUES('',1,140);	INSERT INTO contrase(con_contrase,id_sistemasait,id_usuarios) VALUES('',2,140);	INSERT INTO contrase(con_contrase,id_sistemasait,id_usuarios) VALUES('',3,140);	INSERT INTO contrase(con_contrase,id_sistemasait,id_usuarios) VALUES('',4,140);	INSERT INTO contrase(con_contrase,id_sistemasait,id_usuarios) VALUES('',5,140);	INSERT INTO contrase(con_contrase,id_sistemasait,id_usuarios) VALUES('',6,140);	INSERT INTO contrase(con_contrase,id_sistemasait,id_usuarios) VALUES('',7,140);
INSERT INTO contrase(con_contrase,id_sistemasait,id_usuarios) VALUES('',1,141);	INSERT INTO contrase(con_contrase,id_sistemasait,id_usuarios) VALUES('',2,141);	INSERT INTO contrase(con_contrase,id_sistemasait,id_usuarios) VALUES('',3,141);	INSERT INTO contrase(con_contrase,id_sistemasait,id_usuarios) VALUES('',4,141);	INSERT INTO contrase(con_contrase,id_sistemasait,id_usuarios) VALUES('',5,141);	INSERT INTO contrase(con_contrase,id_sistemasait,id_usuarios) VALUES('',6,141);	INSERT INTO contrase(con_contrase,id_sistemasait,id_usuarios) VALUES('',7,141);
INSERT INTO contrase(con_contrase,id_sistemasait,id_usuarios) VALUES('',1,142);	INSERT INTO contrase(con_contrase,id_sistemasait,id_usuarios) VALUES('',2,142);	INSERT INTO contrase(con_contrase,id_sistemasait,id_usuarios) VALUES('',3,142);	INSERT INTO contrase(con_contrase,id_sistemasait,id_usuarios) VALUES('',4,142);	INSERT INTO contrase(con_contrase,id_sistemasait,id_usuarios) VALUES('',5,142);	INSERT INTO contrase(con_contrase,id_sistemasait,id_usuarios) VALUES('',6,142);	INSERT INTO contrase(con_contrase,id_sistemasait,id_usuarios) VALUES('',7,142);
INSERT INTO contrase(con_contrase,id_sistemasait,id_usuarios) VALUES('',1,143);	INSERT INTO contrase(con_contrase,id_sistemasait,id_usuarios) VALUES('',2,143);	INSERT INTO contrase(con_contrase,id_sistemasait,id_usuarios) VALUES('',3,143);	INSERT INTO contrase(con_contrase,id_sistemasait,id_usuarios) VALUES('',4,143);	INSERT INTO contrase(con_contrase,id_sistemasait,id_usuarios) VALUES('',5,143);	INSERT INTO contrase(con_contrase,id_sistemasait,id_usuarios) VALUES('',6,143);	INSERT INTO contrase(con_contrase,id_sistemasait,id_usuarios) VALUES('',7,143);
INSERT INTO contrase(con_contrase,id_sistemasait,id_usuarios) VALUES('',1,144);	INSERT INTO contrase(con_contrase,id_sistemasait,id_usuarios) VALUES('',2,144);	INSERT INTO contrase(con_contrase,id_sistemasait,id_usuarios) VALUES('',3,144);	INSERT INTO contrase(con_contrase,id_sistemasait,id_usuarios) VALUES('',4,144);	INSERT INTO contrase(con_contrase,id_sistemasait,id_usuarios) VALUES('',5,144);	INSERT INTO contrase(con_contrase,id_sistemasait,id_usuarios) VALUES('',6,144);	INSERT INTO contrase(con_contrase,id_sistemasait,id_usuarios) VALUES('',7,144);
INSERT INTO contrase(con_contrase,id_sistemasait,id_usuarios) VALUES('',1,145);	INSERT INTO contrase(con_contrase,id_sistemasait,id_usuarios) VALUES('',2,145);	INSERT INTO contrase(con_contrase,id_sistemasait,id_usuarios) VALUES('',3,145);	INSERT INTO contrase(con_contrase,id_sistemasait,id_usuarios) VALUES('',4,145);	INSERT INTO contrase(con_contrase,id_sistemasait,id_usuarios) VALUES('',5,145);	INSERT INTO contrase(con_contrase,id_sistemasait,id_usuarios) VALUES('',6,145);	INSERT INTO contrase(con_contrase,id_sistemasait,id_usuarios) VALUES('',7,145);
INSERT INTO contrase(con_contrase,id_sistemasait,id_usuarios) VALUES('',1,146);	INSERT INTO contrase(con_contrase,id_sistemasait,id_usuarios) VALUES('',2,146);	INSERT INTO contrase(con_contrase,id_sistemasait,id_usuarios) VALUES('',3,146);	INSERT INTO contrase(con_contrase,id_sistemasait,id_usuarios) VALUES('',4,146);	INSERT INTO contrase(con_contrase,id_sistemasait,id_usuarios) VALUES('',5,146);	INSERT INTO contrase(con_contrase,id_sistemasait,id_usuarios) VALUES('',6,146);	INSERT INTO contrase(con_contrase,id_sistemasait,id_usuarios) VALUES('',7,146);
INSERT INTO contrase(con_contrase,id_sistemasait,id_usuarios) VALUES('',1,147);	INSERT INTO contrase(con_contrase,id_sistemasait,id_usuarios) VALUES('',2,147);	INSERT INTO contrase(con_contrase,id_sistemasait,id_usuarios) VALUES('',3,147);	INSERT INTO contrase(con_contrase,id_sistemasait,id_usuarios) VALUES('',4,147);	INSERT INTO contrase(con_contrase,id_sistemasait,id_usuarios) VALUES('',5,147);	INSERT INTO contrase(con_contrase,id_sistemasait,id_usuarios) VALUES('',6,147);	INSERT INTO contrase(con_contrase,id_sistemasait,id_usuarios) VALUES('',7,147);
INSERT INTO contrase(con_contrase,id_sistemasait,id_usuarios) VALUES('',1,148);	INSERT INTO contrase(con_contrase,id_sistemasait,id_usuarios) VALUES('',2,148);	INSERT INTO contrase(con_contrase,id_sistemasait,id_usuarios) VALUES('',3,148);	INSERT INTO contrase(con_contrase,id_sistemasait,id_usuarios) VALUES('',4,148);	INSERT INTO contrase(con_contrase,id_sistemasait,id_usuarios) VALUES('',5,148);	INSERT INTO contrase(con_contrase,id_sistemasait,id_usuarios) VALUES('',6,148);	INSERT INTO contrase(con_contrase,id_sistemasait,id_usuarios) VALUES('',7,148);
INSERT INTO contrase(con_contrase,id_sistemasait,id_usuarios) VALUES('',1,149);	INSERT INTO contrase(con_contrase,id_sistemasait,id_usuarios) VALUES('',2,149);	INSERT INTO contrase(con_contrase,id_sistemasait,id_usuarios) VALUES('',3,149);	INSERT INTO contrase(con_contrase,id_sistemasait,id_usuarios) VALUES('',4,149);	INSERT INTO contrase(con_contrase,id_sistemasait,id_usuarios) VALUES('',5,149);	INSERT INTO contrase(con_contrase,id_sistemasait,id_usuarios) VALUES('',6,149);	INSERT INTO contrase(con_contrase,id_sistemasait,id_usuarios) VALUES('',7,149);
INSERT INTO contrase(con_contrase,id_sistemasait,id_usuarios) VALUES('',1,150);	INSERT INTO contrase(con_contrase,id_sistemasait,id_usuarios) VALUES('',2,150);	INSERT INTO contrase(con_contrase,id_sistemasait,id_usuarios) VALUES('',3,150);	INSERT INTO contrase(con_contrase,id_sistemasait,id_usuarios) VALUES('',4,150);	INSERT INTO contrase(con_contrase,id_sistemasait,id_usuarios) VALUES('',5,150);	INSERT INTO contrase(con_contrase,id_sistemasait,id_usuarios) VALUES('',6,150);	INSERT INTO contrase(con_contrase,id_sistemasait,id_usuarios) VALUES('',7,150);
INSERT INTO contrase(con_contrase,id_sistemasait,id_usuarios) VALUES('',1,151);	INSERT INTO contrase(con_contrase,id_sistemasait,id_usuarios) VALUES('',2,151);	INSERT INTO contrase(con_contrase,id_sistemasait,id_usuarios) VALUES('',3,151);	INSERT INTO contrase(con_contrase,id_sistemasait,id_usuarios) VALUES('',4,151);	INSERT INTO contrase(con_contrase,id_sistemasait,id_usuarios) VALUES('',5,151);	INSERT INTO contrase(con_contrase,id_sistemasait,id_usuarios) VALUES('',6,151);	INSERT INTO contrase(con_contrase,id_sistemasait,id_usuarios) VALUES('',7,151);
INSERT INTO contrase(con_contrase,id_sistemasait,id_usuarios) VALUES('',1,152);	INSERT INTO contrase(con_contrase,id_sistemasait,id_usuarios) VALUES('',2,152);	INSERT INTO contrase(con_contrase,id_sistemasait,id_usuarios) VALUES('',3,152);	INSERT INTO contrase(con_contrase,id_sistemasait,id_usuarios) VALUES('',4,152);	INSERT INTO contrase(con_contrase,id_sistemasait,id_usuarios) VALUES('',5,152);	INSERT INTO contrase(con_contrase,id_sistemasait,id_usuarios) VALUES('',6,152);	INSERT INTO contrase(con_contrase,id_sistemasait,id_usuarios) VALUES('',7,152);
INSERT INTO contrase(con_contrase,id_sistemasait,id_usuarios) VALUES('',1,153);	INSERT INTO contrase(con_contrase,id_sistemasait,id_usuarios) VALUES('',2,153);	INSERT INTO contrase(con_contrase,id_sistemasait,id_usuarios) VALUES('',3,153);	INSERT INTO contrase(con_contrase,id_sistemasait,id_usuarios) VALUES('',4,153);	INSERT INTO contrase(con_contrase,id_sistemasait,id_usuarios) VALUES('',5,153);	INSERT INTO contrase(con_contrase,id_sistemasait,id_usuarios) VALUES('',6,153);	INSERT INTO contrase(con_contrase,id_sistemasait,id_usuarios) VALUES('',7,153);
INSERT INTO contrase(con_contrase,id_sistemasait,id_usuarios) VALUES('',1,154);	INSERT INTO contrase(con_contrase,id_sistemasait,id_usuarios) VALUES('',2,154);	INSERT INTO contrase(con_contrase,id_sistemasait,id_usuarios) VALUES('',3,154);	INSERT INTO contrase(con_contrase,id_sistemasait,id_usuarios) VALUES('',4,154);	INSERT INTO contrase(con_contrase,id_sistemasait,id_usuarios) VALUES('',5,154);	INSERT INTO contrase(con_contrase,id_sistemasait,id_usuarios) VALUES('',6,154);	INSERT INTO contrase(con_contrase,id_sistemasait,id_usuarios) VALUES('',7,154);
INSERT INTO contrase(con_contrase,id_sistemasait,id_usuarios) VALUES('',1,155);	INSERT INTO contrase(con_contrase,id_sistemasait,id_usuarios) VALUES('',2,155);	INSERT INTO contrase(con_contrase,id_sistemasait,id_usuarios) VALUES('',3,155);	INSERT INTO contrase(con_contrase,id_sistemasait,id_usuarios) VALUES('',4,155);	INSERT INTO contrase(con_contrase,id_sistemasait,id_usuarios) VALUES('',5,155);	INSERT INTO contrase(con_contrase,id_sistemasait,id_usuarios) VALUES('',6,155);	INSERT INTO contrase(con_contrase,id_sistemasait,id_usuarios) VALUES('',7,155);
INSERT INTO contrase(con_contrase,id_sistemasait,id_usuarios) VALUES('',1,156);	INSERT INTO contrase(con_contrase,id_sistemasait,id_usuarios) VALUES('',2,156);	INSERT INTO contrase(con_contrase,id_sistemasait,id_usuarios) VALUES('',3,156);	INSERT INTO contrase(con_contrase,id_sistemasait,id_usuarios) VALUES('',4,156);	INSERT INTO contrase(con_contrase,id_sistemasait,id_usuarios) VALUES('',5,156);	INSERT INTO contrase(con_contrase,id_sistemasait,id_usuarios) VALUES('',6,156);	INSERT INTO contrase(con_contrase,id_sistemasait,id_usuarios) VALUES('',7,156);
INSERT INTO contrase(con_contrase,id_sistemasait,id_usuarios) VALUES('',1,157);	INSERT INTO contrase(con_contrase,id_sistemasait,id_usuarios) VALUES('',2,157);	INSERT INTO contrase(con_contrase,id_sistemasait,id_usuarios) VALUES('',3,157);	INSERT INTO contrase(con_contrase,id_sistemasait,id_usuarios) VALUES('',4,157);	INSERT INTO contrase(con_contrase,id_sistemasait,id_usuarios) VALUES('',5,157);	INSERT INTO contrase(con_contrase,id_sistemasait,id_usuarios) VALUES('',6,157);	INSERT INTO contrase(con_contrase,id_sistemasait,id_usuarios) VALUES('',7,157);
INSERT INTO contrase(con_contrase,id_sistemasait,id_usuarios) VALUES('',1,158);	INSERT INTO contrase(con_contrase,id_sistemasait,id_usuarios) VALUES('',2,158);	INSERT INTO contrase(con_contrase,id_sistemasait,id_usuarios) VALUES('',3,158);	INSERT INTO contrase(con_contrase,id_sistemasait,id_usuarios) VALUES('',4,158);	INSERT INTO contrase(con_contrase,id_sistemasait,id_usuarios) VALUES('',5,158);	INSERT INTO contrase(con_contrase,id_sistemasait,id_usuarios) VALUES('',6,158);	INSERT INTO contrase(con_contrase,id_sistemasait,id_usuarios) VALUES('',7,158);
INSERT INTO contrase(con_contrase,id_sistemasait,id_usuarios) VALUES('',1,159);	INSERT INTO contrase(con_contrase,id_sistemasait,id_usuarios) VALUES('',2,159);	INSERT INTO contrase(con_contrase,id_sistemasait,id_usuarios) VALUES('',3,159);	INSERT INTO contrase(con_contrase,id_sistemasait,id_usuarios) VALUES('',4,159);	INSERT INTO contrase(con_contrase,id_sistemasait,id_usuarios) VALUES('',5,159);	INSERT INTO contrase(con_contrase,id_sistemasait,id_usuarios) VALUES('',6,159);	INSERT INTO contrase(con_contrase,id_sistemasait,id_usuarios) VALUES('',7,159);
INSERT INTO contrase(con_contrase,id_sistemasait,id_usuarios) VALUES('',1,160);	INSERT INTO contrase(con_contrase,id_sistemasait,id_usuarios) VALUES('',2,160);	INSERT INTO contrase(con_contrase,id_sistemasait,id_usuarios) VALUES('',3,160);	INSERT INTO contrase(con_contrase,id_sistemasait,id_usuarios) VALUES('',4,160);	INSERT INTO contrase(con_contrase,id_sistemasait,id_usuarios) VALUES('',5,160);	INSERT INTO contrase(con_contrase,id_sistemasait,id_usuarios) VALUES('',6,160);	INSERT INTO contrase(con_contrase,id_sistemasait,id_usuarios) VALUES('',7,160);
INSERT INTO contrase(con_contrase,id_sistemasait,id_usuarios) VALUES('',1,161);	INSERT INTO contrase(con_contrase,id_sistemasait,id_usuarios) VALUES('',2,161);	INSERT INTO contrase(con_contrase,id_sistemasait,id_usuarios) VALUES('',3,161);	INSERT INTO contrase(con_contrase,id_sistemasait,id_usuarios) VALUES('',4,161);	INSERT INTO contrase(con_contrase,id_sistemasait,id_usuarios) VALUES('',5,161);	INSERT INTO contrase(con_contrase,id_sistemasait,id_usuarios) VALUES('',6,161);	INSERT INTO contrase(con_contrase,id_sistemasait,id_usuarios) VALUES('',7,161);
INSERT INTO contrase(con_contrase,id_sistemasait,id_usuarios) VALUES('',1,162);	INSERT INTO contrase(con_contrase,id_sistemasait,id_usuarios) VALUES('',2,162);	INSERT INTO contrase(con_contrase,id_sistemasait,id_usuarios) VALUES('',3,162);	INSERT INTO contrase(con_contrase,id_sistemasait,id_usuarios) VALUES('',4,162);	INSERT INTO contrase(con_contrase,id_sistemasait,id_usuarios) VALUES('',5,162);	INSERT INTO contrase(con_contrase,id_sistemasait,id_usuarios) VALUES('',6,162);	INSERT INTO contrase(con_contrase,id_sistemasait,id_usuarios) VALUES('',7,162);






